filename,status,oracle_time,target_time,time_diff,oracle_result,target_result
dartagnan-1696544255.ll.smt2,MATCH,2.4951,2.6681,-0.173,sat sat sat sat sat sat sat sat sat sat sat sat sat sat sat sat sat sat sat sat sat sat sat sat sat sat sat sat sat sat sat sat sat sat sat sat sat sat sat sat sat sat sat sat sat sat sat sat sat sat sat sat sat sat sat sat sat sat sat sat sat sat sat sat sat sat sat sat sat sat sat sat sat sat sat sat sat sat sat sat sat sat sat sat sat sat sat sat sat sat sat sat sat sat sat sat sat sat sat sat unsat unsat,sat sat sat sat sat sat sat sat sat sat sat sat sat sat sat sat sat sat sat sat sat sat sat sat sat sat sat sat sat sat sat sat sat sat sat sat sat sat sat sat sat sat sat sat sat sat sat sat sat sat sat sat sat sat sat sat sat sat sat sat sat sat sat sat sat sat sat sat sat sat sat sat sat sat sat sat sat sat sat sat sat sat sat sat sat sat sat sat sat sat sat sat sat sat sat sat sat sat sat sat unsat unsat
dartagnan-3859612464.ll.smt2,MATCH,0.0341,0.0329,0.0012,sat sat sat sat sat sat sat sat sat sat sat sat sat sat sat unsat unsat,sat sat sat sat sat sat sat sat sat sat sat sat sat sat sat unsat unsat
dartagnan-2423550726.ll.smt2,MATCH,3.8443,3.7464,0.0978,sat sat sat sat sat sat sat sat sat sat sat sat sat sat sat sat sat sat sat sat sat sat sat sat sat sat sat sat sat sat sat sat sat sat sat sat sat sat sat sat sat sat sat sat sat sat sat sat sat sat sat sat sat sat sat sat sat sat sat sat sat sat sat sat sat sat sat sat sat sat sat sat sat sat sat sat sat sat sat sat sat sat sat sat sat sat sat sat sat sat sat sat sat sat sat sat sat sat sat sat sat sat sat sat sat sat sat sat sat sat sat sat sat sat sat sat sat sat sat sat sat sat sat sat sat sat sat sat sat sat sat sat sat sat sat sat sat sat sat sat sat sat sat sat sat sat sat sat sat sat sat sat sat sat sat sat sat sat sat sat sat sat sat sat sat sat sat sat sat sat sat sat sat sat sat sat sat sat sat sat sat sat sat sat sat sat sat sat sat sat sat sat sat unsat unsat,sat sat sat sat sat sat sat sat sat sat sat sat sat sat sat sat sat sat sat sat sat sat sat sat sat sat sat sat sat sat sat sat sat sat sat sat sat sat sat sat sat sat sat sat sat sat sat sat sat sat sat sat sat sat sat sat sat sat sat sat sat sat sat sat sat sat sat sat sat sat sat sat sat sat sat sat sat sat sat sat sat sat sat sat sat sat sat sat sat sat sat sat sat sat sat sat sat sat sat sat sat sat sat sat sat sat sat sat sat sat sat sat sat sat sat sat sat sat sat sat sat sat sat sat sat sat sat sat sat sat sat sat sat sat sat sat sat sat sat sat sat sat sat sat sat sat sat sat sat sat sat sat sat sat sat sat sat sat sat sat sat sat sat sat sat sat sat sat sat sat sat sat sat sat sat sat sat sat sat sat sat sat sat sat sat sat sat sat sat sat sat sat sat unsat unsat
dartagnan-3631839658.ll.smt2,MATCH,5.6759,5.6536,0.0224,sat sat sat sat sat sat sat sat sat sat sat sat sat sat sat sat sat sat sat sat sat sat sat sat sat sat sat sat sat sat sat sat sat sat sat sat sat sat sat sat sat sat sat sat sat sat sat sat sat sat sat sat sat sat sat sat sat sat sat sat sat sat sat sat sat sat sat sat sat sat sat sat sat sat sat sat sat sat sat sat sat sat sat sat sat sat sat sat sat sat sat sat sat sat sat sat sat sat sat sat sat sat sat sat sat sat sat sat sat sat sat sat sat sat sat sat sat unsat unsat,sat sat sat sat sat sat sat sat sat sat sat sat sat sat sat sat sat sat sat sat sat sat sat sat sat sat sat sat sat sat sat sat sat sat sat sat sat sat sat sat sat sat sat sat sat sat sat sat sat sat sat sat sat sat sat sat sat sat sat sat sat sat sat sat sat sat sat sat sat sat sat sat sat sat sat sat sat sat sat sat sat sat sat sat sat sat sat sat sat sat sat sat sat sat sat sat sat sat sat sat sat sat sat sat sat sat sat sat sat sat sat sat sat sat sat sat sat unsat unsat
dartagnan-388975420.ll.smt2,MATCH,8.2715,8.3257,-0.0541,sat sat sat sat sat sat sat sat sat sat sat sat sat sat sat sat sat sat sat sat sat sat sat sat sat sat sat sat sat sat sat sat sat sat sat sat sat sat sat sat sat sat sat sat sat sat sat sat sat sat sat sat sat sat sat sat sat sat sat sat sat sat sat sat sat sat sat sat sat sat sat sat sat sat sat sat sat sat sat sat sat sat sat sat sat sat sat sat sat sat sat sat sat sat sat sat sat sat sat sat sat sat sat sat sat sat sat sat sat sat sat sat sat sat sat sat sat sat sat sat sat sat sat sat sat sat sat sat sat sat sat sat sat sat sat sat sat sat sat sat sat sat sat sat sat sat sat sat sat sat sat sat sat sat sat sat sat sat sat sat sat sat sat sat sat sat sat sat sat sat sat sat sat sat sat sat sat sat sat sat sat sat sat sat sat sat sat sat sat sat sat sat sat sat sat sat sat sat sat sat sat sat sat sat sat sat sat sat sat sat sat sat sat sat sat sat sat sat sat sat sat sat sat sat sat sat sat sat sat sat sat sat sat sat sat sat sat sat sat sat sat sat sat sat sat sat sat sat sat sat sat sat sat sat sat sat sat sat sat sat sat sat sat sat sat sat sat sat sat sat sat sat sat sat sat sat sat sat sat sat sat sat sat sat sat sat sat sat sat sat sat sat unsat unsat,sat sat sat sat sat sat sat sat sat sat sat sat sat sat sat sat sat sat sat sat sat sat sat sat sat sat sat sat sat sat sat sat sat sat sat sat sat sat sat sat sat sat sat sat sat sat sat sat sat sat sat sat sat sat sat sat sat sat sat sat sat sat sat sat sat sat sat sat sat sat sat sat sat sat sat sat sat sat sat sat sat sat sat sat sat sat sat sat sat sat sat sat sat sat sat sat sat sat sat sat sat sat sat sat sat sat sat sat sat sat sat sat sat sat sat sat sat sat sat sat sat sat sat sat sat sat sat sat sat sat sat sat sat sat sat sat sat sat sat sat sat sat sat sat sat sat sat sat sat sat sat sat sat sat sat sat sat sat sat sat sat sat sat sat sat sat sat sat sat sat sat sat sat sat sat sat sat sat sat sat sat sat sat sat sat sat sat sat sat sat sat sat sat sat sat sat sat sat sat sat sat sat sat sat sat sat sat sat sat sat sat sat sat sat sat sat sat sat sat sat sat sat sat sat sat sat sat sat sat sat sat sat sat sat sat sat sat sat sat sat sat sat sat sat sat sat sat sat sat sat sat sat sat sat sat sat sat sat sat sat sat sat sat sat sat sat sat sat sat sat sat sat sat sat sat sat sat sat sat sat sat sat sat sat sat sat sat sat sat sat sat sat unsat unsat
dartagnan-392731133.ll.smt2,MATCH,7.6466,7.8535,-0.207,sat sat sat sat sat sat sat sat sat sat sat sat sat sat sat sat sat sat sat sat sat sat sat sat sat sat sat sat sat sat sat sat sat sat sat sat sat sat sat sat sat sat sat sat sat sat sat sat sat sat sat sat sat sat sat sat sat sat sat sat sat sat sat sat sat sat sat sat sat sat sat sat sat sat sat sat sat sat sat sat sat sat sat sat sat sat sat sat sat sat sat sat sat sat sat sat sat sat sat sat sat sat sat sat sat sat sat sat sat sat sat sat sat sat sat sat sat sat sat sat sat sat sat sat sat sat sat sat sat sat sat sat sat sat sat sat sat sat sat sat sat sat sat sat sat sat sat sat sat sat sat sat sat sat sat sat sat sat sat sat sat sat sat sat sat sat sat sat sat sat sat sat sat sat sat sat sat sat sat sat sat sat sat sat sat sat sat sat sat sat sat sat sat sat sat sat sat sat sat sat sat sat sat sat sat sat sat sat sat sat sat sat sat sat sat sat sat sat sat sat sat sat sat sat sat sat sat sat sat sat sat sat sat sat sat sat sat sat sat sat sat sat sat sat sat sat sat sat sat sat sat sat sat sat sat sat sat sat sat sat sat sat sat sat sat sat sat sat sat sat sat sat sat sat sat sat sat sat sat sat sat sat sat sat sat sat sat sat sat sat sat sat sat sat sat sat sat sat sat sat sat sat sat sat sat sat sat sat sat sat sat sat sat sat sat unsat unsat,sat sat sat sat sat sat sat sat sat sat sat sat sat sat sat sat sat sat sat sat sat sat sat sat sat sat sat sat sat sat sat sat sat sat sat sat sat sat sat sat sat sat sat sat sat sat sat sat sat sat sat sat sat sat sat sat sat sat sat sat sat sat sat sat sat sat sat sat sat sat sat sat sat sat sat sat sat sat sat sat sat sat sat sat sat sat sat sat sat sat sat sat sat sat sat sat sat sat sat sat sat sat sat sat sat sat sat sat sat sat sat sat sat sat sat sat sat sat sat sat sat sat sat sat sat sat sat sat sat sat sat sat sat sat sat sat sat sat sat sat sat sat sat sat sat sat sat sat sat sat sat sat sat sat sat sat sat sat sat sat sat sat sat sat sat sat sat sat sat sat sat sat sat sat sat sat sat sat sat sat sat sat sat sat sat sat sat sat sat sat sat sat sat sat sat sat sat sat sat sat sat sat sat sat sat sat sat sat sat sat sat sat sat sat sat sat sat sat sat sat sat sat sat sat sat sat sat sat sat sat sat sat sat sat sat sat sat sat sat sat sat sat sat sat sat sat sat sat sat sat sat sat sat sat sat sat sat sat sat sat sat sat sat sat sat sat sat sat sat sat sat sat sat sat sat sat sat sat sat sat sat sat sat sat sat sat sat sat sat sat sat sat sat sat sat sat sat sat sat sat sat sat sat sat sat sat sat sat sat sat sat sat sat sat sat unsat unsat
dartagnan-2164133234.ll.smt2,MATCH,12.7591,12.9326,-0.1735,sat sat sat sat sat sat sat sat sat sat sat sat sat sat sat sat sat sat sat sat sat sat sat sat sat sat sat sat sat sat sat sat sat sat sat sat sat sat sat sat sat sat sat sat sat sat sat sat sat sat sat sat sat sat sat sat sat sat sat sat sat sat sat sat sat sat sat sat sat sat sat sat sat sat sat sat sat sat sat sat sat sat sat sat sat sat sat sat sat sat sat sat sat sat sat sat sat sat sat sat sat sat sat sat sat sat sat sat sat sat sat sat sat sat sat sat sat sat sat sat sat sat sat sat sat sat sat sat sat sat sat sat sat sat sat sat sat sat sat sat sat sat sat sat sat sat sat sat sat sat sat sat sat sat sat sat sat sat sat sat sat sat sat sat sat sat sat sat sat sat sat sat unsat unsat,sat sat sat sat sat sat sat sat sat sat sat sat sat sat sat sat sat sat sat sat sat sat sat sat sat sat sat sat sat sat sat sat sat sat sat sat sat sat sat sat sat sat sat sat sat sat sat sat sat sat sat sat sat sat sat sat sat sat sat sat sat sat sat sat sat sat sat sat sat sat sat sat sat sat sat sat sat sat sat sat sat sat sat sat sat sat sat sat sat sat sat sat sat sat sat sat sat sat sat sat sat sat sat sat sat sat sat sat sat sat sat sat sat sat sat sat sat sat sat sat sat sat sat sat sat sat sat sat sat sat sat sat sat sat sat sat sat sat sat sat sat sat sat sat sat sat sat sat sat sat sat sat sat sat sat sat sat sat sat sat sat sat sat sat sat sat sat sat sat sat sat sat unsat unsat
dartagnan-531947466.ll.smt2,MATCH,0.4506,0.447,0.0036,sat sat sat sat sat sat sat sat sat sat sat sat sat sat sat sat sat sat sat sat sat sat sat sat sat sat sat sat sat sat sat sat sat sat sat sat unsat unsat,sat sat sat sat sat sat sat sat sat sat sat sat sat sat sat sat sat sat sat sat sat sat sat sat sat sat sat sat sat sat sat sat sat sat sat sat unsat unsat
dartagnan-2076516653.ll.smt2,MATCH,13.7809,13.6971,0.0838,sat sat sat sat sat sat sat sat sat sat sat sat sat sat sat sat sat sat sat sat sat sat sat sat sat sat sat sat sat sat sat sat sat sat sat sat sat sat sat sat sat sat sat sat sat sat sat sat sat sat sat sat sat sat sat sat sat sat sat sat sat sat sat sat sat sat sat sat sat sat sat sat sat sat sat sat sat sat sat sat sat sat sat sat sat sat sat sat sat sat sat sat sat sat sat sat sat sat sat sat sat sat sat sat sat sat sat sat sat sat sat sat sat sat sat sat sat sat sat sat sat sat sat sat sat sat sat sat sat sat unsat unsat,sat sat sat sat sat sat sat sat sat sat sat sat sat sat sat sat sat sat sat sat sat sat sat sat sat sat sat sat sat sat sat sat sat sat sat sat sat sat sat sat sat sat sat sat sat sat sat sat sat sat sat sat sat sat sat sat sat sat sat sat sat sat sat sat sat sat sat sat sat sat sat sat sat sat sat sat sat sat sat sat sat sat sat sat sat sat sat sat sat sat sat sat sat sat sat sat sat sat sat sat sat sat sat sat sat sat sat sat sat sat sat sat sat sat sat sat sat sat sat sat sat sat sat sat sat sat sat sat sat sat unsat unsat
dartagnan-1307236424.ll.smt2,MATCH,14.8836,15.2798,-0.3962,sat sat sat sat sat sat sat sat sat sat sat sat sat sat sat sat sat sat sat sat sat sat sat sat sat sat sat sat sat sat sat sat sat sat sat sat sat sat sat sat sat sat sat sat sat sat sat sat sat sat sat sat sat sat sat sat sat sat sat sat sat sat sat sat sat sat sat sat sat sat sat sat sat sat sat sat sat sat sat sat sat sat sat sat sat sat sat sat sat sat sat sat sat sat sat sat sat sat sat sat sat sat sat sat sat sat sat sat sat sat sat sat sat sat sat sat sat sat sat sat sat sat sat sat sat sat sat sat sat sat sat sat sat sat sat sat sat sat sat sat sat sat sat sat sat sat sat sat sat sat sat sat sat sat sat sat sat sat sat sat sat sat sat sat sat sat sat sat sat sat sat unsat unsat,sat sat sat sat sat sat sat sat sat sat sat sat sat sat sat sat sat sat sat sat sat sat sat sat sat sat sat sat sat sat sat sat sat sat sat sat sat sat sat sat sat sat sat sat sat sat sat sat sat sat sat sat sat sat sat sat sat sat sat sat sat sat sat sat sat sat sat sat sat sat sat sat sat sat sat sat sat sat sat sat sat sat sat sat sat sat sat sat sat sat sat sat sat sat sat sat sat sat sat sat sat sat sat sat sat sat sat sat sat sat sat sat sat sat sat sat sat sat sat sat sat sat sat sat sat sat sat sat sat sat sat sat sat sat sat sat sat sat sat sat sat sat sat sat sat sat sat sat sat sat sat sat sat sat sat sat sat sat sat sat sat sat sat sat sat sat sat sat sat sat sat unsat unsat
dartagnan-4231602519.ll.smt2,MATCH,6.7415,7.0477,-0.3062,sat sat sat sat sat sat sat sat sat sat sat sat sat sat sat sat sat sat sat sat sat sat sat sat sat sat sat sat sat sat sat sat sat sat sat sat sat sat sat sat sat sat sat sat sat sat sat sat sat sat sat sat sat sat sat sat sat sat sat sat sat sat sat sat sat sat sat sat sat sat sat sat sat sat sat sat sat sat sat sat sat sat sat sat sat sat sat sat sat sat sat sat sat sat sat sat sat sat sat sat sat sat sat sat sat sat sat sat sat sat sat sat sat sat sat sat sat sat sat sat sat sat sat sat sat sat sat sat sat sat sat sat sat sat sat sat sat sat sat sat sat sat sat sat sat sat sat sat sat sat sat sat sat sat sat sat sat sat sat sat sat sat sat sat sat sat sat sat sat sat sat sat sat sat sat sat sat sat sat sat sat sat sat sat sat sat sat sat sat sat sat unsat unsat,sat sat sat sat sat sat sat sat sat sat sat sat sat sat sat sat sat sat sat sat sat sat sat sat sat sat sat sat sat sat sat sat sat sat sat sat sat sat sat sat sat sat sat sat sat sat sat sat sat sat sat sat sat sat sat sat sat sat sat sat sat sat sat sat sat sat sat sat sat sat sat sat sat sat sat sat sat sat sat sat sat sat sat sat sat sat sat sat sat sat sat sat sat sat sat sat sat sat sat sat sat sat sat sat sat sat sat sat sat sat sat sat sat sat sat sat sat sat sat sat sat sat sat sat sat sat sat sat sat sat sat sat sat sat sat sat sat sat sat sat sat sat sat sat sat sat sat sat sat sat sat sat sat sat sat sat sat sat sat sat sat sat sat sat sat sat sat sat sat sat sat sat sat sat sat sat sat sat sat sat sat sat sat sat sat sat sat sat sat sat sat unsat unsat
dartagnan-3186294248.ll.smt2,MATCH,18.2228,18.3129,-0.0901,sat sat sat sat sat sat sat sat sat sat sat sat sat sat sat sat sat sat sat sat sat sat sat sat sat sat sat sat sat sat sat sat sat sat sat sat sat sat sat sat sat sat sat sat sat sat sat sat sat sat sat sat sat sat sat sat sat sat sat sat sat sat sat sat sat sat sat sat sat sat sat sat sat sat sat sat sat sat sat sat sat sat sat sat sat sat sat sat sat sat sat sat sat sat sat sat sat sat sat sat sat sat sat sat sat sat sat sat sat sat sat sat sat sat sat sat sat sat sat sat sat sat sat sat sat sat sat sat sat sat sat sat sat sat sat sat sat sat sat sat sat sat sat sat sat sat sat sat sat sat sat sat sat sat sat sat sat sat sat sat sat sat sat sat sat sat sat sat sat sat sat sat sat sat sat sat sat sat sat sat sat sat sat sat sat sat sat sat sat sat sat sat sat sat sat sat sat sat sat sat sat sat sat sat sat sat sat sat sat sat sat sat sat sat sat sat sat sat sat sat sat sat sat sat sat sat sat sat sat sat sat sat sat sat sat sat sat sat sat sat sat sat sat sat sat sat sat sat sat sat sat sat sat sat sat sat sat sat sat sat sat unsat unsat,sat sat sat sat sat sat sat sat sat sat sat sat sat sat sat sat sat sat sat sat sat sat sat sat sat sat sat sat sat sat sat sat sat sat sat sat sat sat sat sat sat sat sat sat sat sat sat sat sat sat sat sat sat sat sat sat sat sat sat sat sat sat sat sat sat sat sat sat sat sat sat sat sat sat sat sat sat sat sat sat sat sat sat sat sat sat sat sat sat sat sat sat sat sat sat sat sat sat sat sat sat sat sat sat sat sat sat sat sat sat sat sat sat sat sat sat sat sat sat sat sat sat sat sat sat sat sat sat sat sat sat sat sat sat sat sat sat sat sat sat sat sat sat sat sat sat sat sat sat sat sat sat sat sat sat sat sat sat sat sat sat sat sat sat sat sat sat sat sat sat sat sat sat sat sat sat sat sat sat sat sat sat sat sat sat sat sat sat sat sat sat sat sat sat sat sat sat sat sat sat sat sat sat sat sat sat sat sat sat sat sat sat sat sat sat sat sat sat sat sat sat sat sat sat sat sat sat sat sat sat sat sat sat sat sat sat sat sat sat sat sat sat sat sat sat sat sat sat sat sat sat sat sat sat sat sat sat sat sat sat sat unsat unsat
dartagnan-872089424.ll.smt2,MATCH,2.9115,3.0134,-0.102,sat sat sat sat sat sat sat sat sat sat sat sat sat sat sat sat sat sat sat sat sat sat sat sat sat sat sat sat sat sat sat sat sat sat sat sat sat sat sat sat sat sat sat sat sat sat sat sat sat sat sat sat sat sat sat sat sat sat sat sat sat sat sat sat sat sat sat sat sat sat sat unsat sat unsat,sat sat sat sat sat sat sat sat sat sat sat sat sat sat sat sat sat sat sat sat sat sat sat sat sat sat sat sat sat sat sat sat sat sat sat sat sat sat sat sat sat sat sat sat sat sat sat sat sat sat sat sat sat sat sat sat sat sat sat sat sat sat sat sat sat sat sat sat sat sat sat unsat sat unsat
dartagnan-4174597278.ll.smt2,MATCH,15.8236,16.0026,-0.179,sat sat sat sat sat sat sat sat sat sat sat sat sat sat sat sat sat sat sat sat sat sat sat sat sat sat sat sat sat sat sat sat sat sat sat sat sat sat sat sat sat sat sat sat sat sat sat sat sat sat sat sat sat sat sat sat sat sat sat sat sat sat sat sat sat sat sat sat sat sat sat sat sat sat sat sat sat sat sat sat sat sat sat sat sat sat sat sat sat sat sat sat sat sat sat sat sat sat sat sat sat sat sat sat sat sat sat sat sat sat sat sat sat sat sat sat sat sat sat sat sat sat sat sat sat sat sat sat sat sat sat sat sat sat sat sat sat sat sat sat sat sat sat sat sat sat sat sat sat sat sat sat sat sat sat sat sat sat sat sat sat sat sat sat sat sat sat sat sat sat sat sat sat sat sat sat sat sat sat sat sat sat sat sat sat sat sat sat sat sat sat sat sat sat sat sat sat sat sat sat sat sat sat sat sat sat sat sat sat sat sat sat sat sat sat sat sat sat sat sat sat sat sat sat sat sat sat sat sat sat sat sat sat sat sat sat sat sat sat sat sat sat sat sat sat sat sat sat sat sat sat sat sat sat sat sat sat sat sat sat sat sat sat sat sat sat sat sat sat sat sat sat sat sat sat sat sat sat sat sat sat sat sat sat sat sat sat sat sat sat sat sat sat sat sat sat sat sat sat sat sat sat sat sat sat sat sat sat sat sat sat sat sat sat sat sat sat sat sat sat sat sat sat sat sat sat sat sat sat sat sat sat sat sat sat sat sat sat sat sat sat sat sat sat sat sat sat sat sat sat sat sat sat sat sat sat sat sat sat sat sat sat sat sat sat sat sat sat sat sat sat sat sat sat sat sat sat sat sat sat sat sat sat sat sat sat sat sat sat sat sat sat sat sat sat sat sat sat sat sat sat sat sat sat sat sat sat sat sat sat sat sat sat sat sat sat sat sat sat sat sat sat sat sat sat sat sat sat sat sat sat sat sat sat sat sat sat sat sat sat sat sat sat sat sat sat sat sat sat sat sat sat sat sat sat sat sat sat sat sat sat sat sat sat sat sat sat sat sat sat sat sat sat sat sat sat sat sat sat sat sat sat sat sat sat sat sat sat unsat unsat,sat sat sat sat sat sat sat sat sat sat sat sat sat sat sat sat sat sat sat sat sat sat sat sat sat sat sat sat sat sat sat sat sat sat sat sat sat sat sat sat sat sat sat sat sat sat sat sat sat sat sat sat sat sat sat sat sat sat sat sat sat sat sat sat sat sat sat sat sat sat sat sat sat sat sat sat sat sat sat sat sat sat sat sat sat sat sat sat sat sat sat sat sat sat sat sat sat sat sat sat sat sat sat sat sat sat sat sat sat sat sat sat sat sat sat sat sat sat sat sat sat sat sat sat sat sat sat sat sat sat sat sat sat sat sat sat sat sat sat sat sat sat sat sat sat sat sat sat sat sat sat sat sat sat sat sat sat sat sat sat sat sat sat sat sat sat sat sat sat sat sat sat sat sat sat sat sat sat sat sat sat sat sat sat sat sat sat sat sat sat sat sat sat sat sat sat sat sat sat sat sat sat sat sat sat sat sat sat sat sat sat sat sat sat sat sat sat sat sat sat sat sat sat sat sat sat sat sat sat sat sat sat sat sat sat sat sat sat sat sat sat sat sat sat sat sat sat sat sat sat sat sat sat sat sat sat sat sat sat sat sat sat sat sat sat sat sat sat sat sat sat sat sat sat sat sat sat sat sat sat sat sat sat sat sat sat sat sat sat sat sat sat sat sat sat sat sat sat sat sat sat sat sat sat sat sat sat sat sat sat sat sat sat sat sat sat sat sat sat sat sat sat sat sat sat sat sat sat sat sat sat sat sat sat sat sat sat sat sat sat sat sat sat sat sat sat sat sat sat sat sat sat sat sat sat sat sat sat sat sat sat sat sat sat sat sat sat sat sat sat sat sat sat sat sat sat sat sat sat sat sat sat sat sat sat sat sat sat sat sat sat sat sat sat sat sat sat sat sat sat sat sat sat sat sat sat sat sat sat sat sat sat sat sat sat sat sat sat sat sat sat sat sat sat sat sat sat sat sat sat sat sat sat sat sat sat sat sat sat sat sat sat sat sat sat sat sat sat sat sat sat sat sat sat sat sat sat sat sat sat sat sat sat sat sat sat sat sat sat sat sat sat sat sat sat sat sat sat sat sat sat sat sat sat sat sat sat sat unsat unsat
dartagnan-4270820484.ll.smt2,MATCH,16.3995,15.6482,0.7513,sat sat sat sat sat sat sat sat sat sat sat sat sat sat sat sat sat sat sat sat sat sat sat sat sat sat sat sat sat sat sat sat sat sat sat sat sat sat sat sat sat sat sat sat sat sat sat sat sat sat sat sat sat sat sat sat sat sat sat sat sat sat sat sat sat sat sat sat sat sat sat sat sat sat sat sat sat sat sat sat sat sat sat sat sat sat sat sat sat sat sat sat sat sat sat sat sat sat sat sat sat sat sat sat sat sat sat sat sat sat sat sat sat sat sat sat sat sat sat sat sat sat sat sat sat sat sat sat sat sat sat sat sat sat sat sat sat sat sat sat sat sat sat sat sat sat sat sat sat sat sat sat sat sat sat sat sat sat sat sat sat sat sat sat sat sat sat sat sat sat sat sat sat sat sat sat sat sat sat sat sat sat sat sat sat sat sat sat sat sat sat sat sat sat sat sat sat sat sat sat sat sat sat sat sat sat sat sat sat sat sat sat sat sat sat sat sat sat sat sat sat sat sat sat sat sat sat sat sat sat sat sat sat sat sat sat sat sat sat sat sat sat sat sat sat sat sat sat sat sat sat sat sat sat sat sat sat sat sat sat sat sat sat sat sat sat sat sat sat sat sat sat sat sat sat sat sat sat sat sat sat sat sat sat sat sat sat sat sat sat sat sat sat sat sat sat sat sat sat sat sat sat sat sat sat sat sat sat sat sat sat sat sat sat sat sat sat sat sat sat sat sat sat sat sat sat sat sat sat sat sat sat sat sat sat sat sat sat sat sat sat sat sat sat sat sat sat sat sat sat sat sat sat sat sat sat sat sat sat sat sat sat sat sat sat sat sat sat sat sat sat sat sat sat sat sat sat sat sat sat sat sat sat sat sat sat sat sat sat sat unsat unsat,sat sat sat sat sat sat sat sat sat sat sat sat sat sat sat sat sat sat sat sat sat sat sat sat sat sat sat sat sat sat sat sat sat sat sat sat sat sat sat sat sat sat sat sat sat sat sat sat sat sat sat sat sat sat sat sat sat sat sat sat sat sat sat sat sat sat sat sat sat sat sat sat sat sat sat sat sat sat sat sat sat sat sat sat sat sat sat sat sat sat sat sat sat sat sat sat sat sat sat sat sat sat sat sat sat sat sat sat sat sat sat sat sat sat sat sat sat sat sat sat sat sat sat sat sat sat sat sat sat sat sat sat sat sat sat sat sat sat sat sat sat sat sat sat sat sat sat sat sat sat sat sat sat sat sat sat sat sat sat sat sat sat sat sat sat sat sat sat sat sat sat sat sat sat sat sat sat sat sat sat sat sat sat sat sat sat sat sat sat sat sat sat sat sat sat sat sat sat sat sat sat sat sat sat sat sat sat sat sat sat sat sat sat sat sat sat sat sat sat sat sat sat sat sat sat sat sat sat sat sat sat sat sat sat sat sat sat sat sat sat sat sat sat sat sat sat sat sat sat sat sat sat sat sat sat sat sat sat sat sat sat sat sat sat sat sat sat sat sat sat sat sat sat sat sat sat sat sat sat sat sat sat sat sat sat sat sat sat sat sat sat sat sat sat sat sat sat sat sat sat sat sat sat sat sat sat sat sat sat sat sat sat sat sat sat sat sat sat sat sat sat sat sat sat sat sat sat sat sat sat sat sat sat sat sat sat sat sat sat sat sat sat sat sat sat sat sat sat sat sat sat sat sat sat sat sat sat sat sat sat sat sat sat sat sat sat sat sat sat sat sat sat sat sat sat sat sat sat sat sat sat sat sat sat sat sat sat sat sat sat unsat unsat
dartagnan-620475457.ll.smt2,MATCH,15.3238,15.24,0.0839,sat sat sat sat sat sat sat sat sat sat sat sat sat sat sat sat sat sat sat sat sat sat sat sat sat sat sat sat sat sat sat sat sat sat sat sat sat sat sat sat sat sat sat sat sat sat sat sat sat sat sat sat sat sat sat sat sat sat sat sat sat sat sat sat sat sat sat sat sat sat sat sat sat sat sat sat sat sat sat sat sat sat sat sat sat unsat unsat,sat sat sat sat sat sat sat sat sat sat sat sat sat sat sat sat sat sat sat sat sat sat sat sat sat sat sat sat sat sat sat sat sat sat sat sat sat sat sat sat sat sat sat sat sat sat sat sat sat sat sat sat sat sat sat sat sat sat sat sat sat sat sat sat sat sat sat sat sat sat sat sat sat sat sat sat sat sat sat sat sat sat sat sat sat unsat unsat
dartagnan-808371303.ll.smt2,MATCH,20.4993,17.7948,2.7045,sat sat sat sat sat sat sat sat sat sat sat sat sat sat sat sat sat sat sat sat sat sat sat sat sat sat sat sat sat sat sat sat sat sat sat sat sat sat sat sat sat sat sat sat sat sat sat sat sat sat sat sat sat sat sat sat sat sat sat sat sat sat sat sat sat sat sat sat sat sat sat sat sat sat sat sat sat sat sat sat sat sat sat sat sat sat sat sat sat sat sat sat sat sat sat sat sat sat sat sat sat sat sat sat sat sat sat sat sat sat sat sat sat sat sat sat sat sat sat sat sat sat sat sat sat sat sat sat sat sat sat sat sat sat sat sat sat sat sat sat sat sat sat sat sat sat sat sat sat sat sat sat sat sat sat sat sat sat sat sat sat sat sat sat sat sat sat sat sat sat sat sat sat sat sat sat sat sat sat sat sat sat sat sat sat sat sat sat sat sat sat sat sat sat sat sat sat sat sat sat sat sat sat sat sat sat sat sat sat sat sat sat sat sat sat sat sat sat sat sat sat sat sat sat sat sat sat sat sat sat sat sat sat sat sat sat sat sat sat sat sat sat sat sat sat sat sat sat sat sat sat sat sat sat sat sat sat sat sat sat sat sat sat sat sat sat sat sat sat sat sat sat sat sat sat sat sat sat sat sat sat sat sat sat sat sat sat sat sat sat sat sat sat sat sat sat sat sat sat sat sat sat sat sat sat sat sat sat sat sat sat sat sat sat sat sat sat sat sat sat sat sat sat sat sat sat sat sat sat sat sat sat sat sat sat sat sat sat sat sat sat sat sat sat sat sat sat sat sat sat sat sat sat sat sat sat sat sat sat sat sat sat sat sat sat sat sat sat sat sat sat sat sat sat sat sat sat sat sat sat sat sat sat sat sat sat sat sat sat sat sat sat sat sat sat sat sat sat sat sat sat sat sat sat sat sat sat sat sat sat sat sat sat sat sat sat sat sat sat sat sat sat sat sat sat sat sat sat sat sat sat sat sat sat sat sat sat sat sat sat sat sat sat sat sat sat sat sat sat sat sat sat sat sat sat unsat unsat,sat sat sat sat sat sat sat sat sat sat sat sat sat sat sat sat sat sat sat sat sat sat sat sat sat sat sat sat sat sat sat sat sat sat sat sat sat sat sat sat sat sat sat sat sat sat sat sat sat sat sat sat sat sat sat sat sat sat sat sat sat sat sat sat sat sat sat sat sat sat sat sat sat sat sat sat sat sat sat sat sat sat sat sat sat sat sat sat sat sat sat sat sat sat sat sat sat sat sat sat sat sat sat sat sat sat sat sat sat sat sat sat sat sat sat sat sat sat sat sat sat sat sat sat sat sat sat sat sat sat sat sat sat sat sat sat sat sat sat sat sat sat sat sat sat sat sat sat sat sat sat sat sat sat sat sat sat sat sat sat sat sat sat sat sat sat sat sat sat sat sat sat sat sat sat sat sat sat sat sat sat sat sat sat sat sat sat sat sat sat sat sat sat sat sat sat sat sat sat sat sat sat sat sat sat sat sat sat sat sat sat sat sat sat sat sat sat sat sat sat sat sat sat sat sat sat sat sat sat sat sat sat sat sat sat sat sat sat sat sat sat sat sat sat sat sat sat sat sat sat sat sat sat sat sat sat sat sat sat sat sat sat sat sat sat sat sat sat sat sat sat sat sat sat sat sat sat sat sat sat sat sat sat sat sat sat sat sat sat sat sat sat sat sat sat sat sat sat sat sat sat sat sat sat sat sat sat sat sat sat sat sat sat sat sat sat sat sat sat sat sat sat sat sat sat sat sat sat sat sat sat sat sat sat sat sat sat sat sat sat sat sat sat sat sat sat sat sat sat sat sat sat sat sat sat sat sat sat sat sat sat sat sat sat sat sat sat sat sat sat sat sat sat sat sat sat sat sat sat sat sat sat sat sat sat sat sat sat sat sat sat sat sat sat sat sat sat sat sat sat sat sat sat sat sat sat sat sat sat sat sat sat sat sat sat sat sat sat sat sat sat sat sat sat sat sat sat sat sat sat sat sat sat sat sat sat sat sat sat sat sat sat sat sat sat sat sat sat sat sat sat sat sat sat sat unsat unsat
dartagnan-3159534389.ll.smt2,MATCH,344.1135,326.1211,17.9924,sat sat sat sat sat sat sat sat sat sat sat sat sat sat sat sat sat sat sat sat sat sat sat sat sat sat sat sat sat sat sat sat sat sat sat sat sat sat sat sat sat sat sat sat sat sat sat sat sat sat sat sat sat sat sat sat sat sat sat sat sat sat sat sat sat sat sat sat sat sat sat sat sat sat sat sat sat sat sat sat sat sat sat sat sat sat sat sat sat sat sat sat sat sat sat sat sat sat sat sat sat sat sat sat sat sat sat sat sat sat sat sat sat sat sat sat sat sat sat sat sat sat sat sat sat sat sat sat sat sat sat sat sat sat sat sat sat sat sat sat sat sat sat sat sat sat sat sat sat sat sat sat sat sat sat sat sat sat sat sat sat sat sat sat sat sat sat sat sat sat sat sat sat sat sat sat sat sat sat sat sat sat sat sat sat sat sat sat sat sat sat sat sat sat sat sat sat sat sat sat sat sat sat sat sat sat sat sat sat sat sat sat sat sat sat sat sat sat sat sat sat sat sat sat sat sat sat sat sat sat sat sat sat sat sat sat sat sat sat sat sat sat sat sat sat sat sat sat sat sat sat sat sat sat sat sat sat sat sat sat sat sat sat sat sat sat sat sat sat sat sat sat sat sat sat sat sat sat sat sat sat sat sat sat sat sat sat sat sat sat sat sat sat sat sat sat sat sat sat sat sat sat sat sat sat sat sat sat sat sat sat sat sat sat sat sat sat sat sat sat sat sat sat sat sat sat sat sat sat sat sat sat sat sat sat sat sat sat sat sat sat sat sat sat sat sat sat sat sat sat sat sat sat sat sat sat sat sat sat sat sat sat sat sat sat sat sat sat sat sat sat sat sat sat sat sat sat sat sat sat sat sat sat sat sat sat sat sat sat sat sat sat sat sat sat sat sat sat sat sat sat sat sat sat sat sat sat sat sat sat sat sat sat sat sat sat sat sat sat sat sat sat sat sat sat sat sat sat sat sat sat sat sat sat sat sat sat sat sat sat sat sat sat sat sat sat sat sat sat sat sat sat sat sat sat sat sat sat sat sat sat sat sat sat sat sat sat sat sat sat sat sat sat sat sat sat sat sat sat sat sat sat sat sat sat sat sat sat sat sat sat sat sat sat sat sat sat sat sat sat sat sat sat sat sat sat sat sat sat sat sat sat sat sat sat sat sat sat sat sat sat sat sat sat sat sat sat sat sat sat sat sat sat sat sat sat sat sat sat sat sat sat sat sat sat sat sat sat sat sat sat sat sat sat sat sat sat sat sat sat sat sat sat sat sat sat sat sat sat sat sat sat sat sat sat sat sat sat sat sat sat sat sat sat sat sat sat sat sat sat sat sat sat sat sat sat sat sat sat sat sat sat sat sat sat sat sat sat sat sat sat sat sat sat sat sat sat sat sat sat sat sat sat sat sat sat sat sat sat sat sat sat sat sat sat sat sat sat sat sat sat sat sat sat sat sat sat sat sat sat sat sat sat sat sat sat sat sat sat sat sat sat sat sat sat sat sat sat sat sat sat sat sat sat sat sat sat sat sat sat sat sat sat sat sat sat sat sat sat sat sat sat sat sat sat sat sat sat sat sat sat sat sat sat sat sat sat sat sat sat sat sat sat sat sat sat sat sat sat sat sat sat sat sat sat sat sat sat sat sat sat sat sat sat sat sat sat sat sat sat sat sat sat sat sat sat sat sat sat sat sat sat sat sat sat sat sat sat sat sat sat sat sat sat sat sat sat sat sat sat sat sat sat sat sat sat sat sat sat sat sat sat sat sat sat sat sat sat sat sat sat sat sat sat sat sat sat sat sat sat sat sat sat sat sat sat sat sat sat sat sat sat sat sat sat sat sat sat sat sat sat sat sat sat sat sat sat sat sat sat sat sat sat sat sat sat sat sat sat sat sat sat sat sat sat sat sat sat sat sat sat sat sat sat sat sat sat sat sat sat sat sat sat sat sat sat sat sat sat sat sat sat sat sat sat sat sat sat sat sat sat sat sat sat sat sat sat sat sat sat sat sat sat sat sat sat sat sat sat sat sat sat sat sat sat sat sat sat sat sat sat sat sat sat sat sat sat sat sat sat sat sat sat sat sat sat sat sat sat sat sat sat sat sat sat sat sat sat sat sat sat sat sat sat sat sat sat sat sat sat sat sat sat sat sat sat sat sat sat sat sat sat sat sat sat sat sat sat sat sat sat sat sat sat sat sat sat sat sat sat sat sat sat sat sat sat sat sat sat sat sat sat sat sat sat sat sat sat sat sat sat sat sat sat sat sat sat sat sat sat sat sat sat sat sat sat sat sat sat sat sat sat sat sat sat sat sat sat sat sat sat sat sat sat sat sat sat sat sat sat sat sat sat sat sat sat sat sat sat sat sat sat sat sat sat sat sat sat sat sat sat sat sat sat sat sat sat sat sat sat sat sat sat sat sat sat sat sat sat sat sat sat sat sat sat sat sat sat,sat sat sat sat sat sat sat sat sat sat sat sat sat sat sat sat sat sat sat sat sat sat sat sat sat sat sat sat sat sat sat sat sat sat sat sat sat sat sat sat sat sat sat sat sat sat sat sat sat sat sat sat sat sat sat sat sat sat sat sat sat sat sat sat sat sat sat sat sat sat sat sat sat sat sat sat sat sat sat sat sat sat sat sat sat sat sat sat sat sat sat sat sat sat sat sat sat sat sat sat sat sat sat sat sat sat sat sat sat sat sat sat sat sat sat sat sat sat sat sat sat sat sat sat sat sat sat sat sat sat sat sat sat sat sat sat sat sat sat sat sat sat sat sat sat sat sat sat sat sat sat sat sat sat sat sat sat sat sat sat sat sat sat sat sat sat sat sat sat sat sat sat sat sat sat sat sat sat sat sat sat sat sat sat sat sat sat sat sat sat sat sat sat sat sat sat sat sat sat sat sat sat sat sat sat sat sat sat sat sat sat sat sat sat sat sat sat sat sat sat sat sat sat sat sat sat sat sat sat sat sat sat sat sat sat sat sat sat sat sat sat sat sat sat sat sat sat sat sat sat sat sat sat sat sat sat sat sat sat sat sat sat sat sat sat sat sat sat sat sat sat sat sat sat sat sat sat sat sat sat sat sat sat sat sat sat sat sat sat sat sat sat sat sat sat sat sat sat sat sat sat sat sat sat sat sat sat sat sat sat sat sat sat sat sat sat sat sat sat sat sat sat sat sat sat sat sat sat sat sat sat sat sat sat sat sat sat sat sat sat sat sat sat sat sat sat sat sat sat sat sat sat sat sat sat sat sat sat sat sat sat sat sat sat sat sat sat sat sat sat sat sat sat sat sat sat sat sat sat sat sat sat sat sat sat sat sat sat sat sat sat sat sat sat sat sat sat sat sat sat sat sat sat sat sat sat sat sat sat sat sat sat sat sat sat sat sat sat sat sat sat sat sat sat sat sat sat sat sat sat sat sat sat sat sat sat sat sat sat sat sat sat sat sat sat sat sat sat sat sat sat sat sat sat sat sat sat sat sat sat sat sat sat sat sat sat sat sat sat sat sat sat sat sat sat sat sat sat sat sat sat sat sat sat sat sat sat sat sat sat sat sat sat sat sat sat sat sat sat sat sat sat sat sat sat sat sat sat sat sat sat sat sat sat sat sat sat sat sat sat sat sat sat sat sat sat sat sat sat sat sat sat sat sat sat sat sat sat sat sat sat sat sat sat sat sat sat sat sat sat sat sat sat sat sat sat sat sat sat sat sat sat sat sat sat sat sat sat sat sat sat sat sat sat sat sat sat sat sat sat sat sat sat sat sat sat sat sat sat sat sat sat sat sat sat sat sat sat sat sat sat sat sat sat sat sat sat sat sat sat sat sat sat sat sat sat sat sat sat sat sat sat sat sat sat sat sat sat sat sat sat sat sat sat sat sat sat sat sat sat sat sat sat sat sat sat sat sat sat sat sat sat sat sat sat sat sat sat sat sat sat sat sat sat sat sat sat sat sat sat sat sat sat sat sat sat sat sat sat sat sat sat sat sat sat sat sat sat sat sat sat sat sat sat sat sat sat sat sat sat sat sat sat sat sat sat sat sat sat sat sat sat sat sat sat sat sat sat sat sat sat sat sat sat sat sat sat sat sat sat sat sat sat sat sat sat sat sat sat sat sat sat sat sat sat sat sat sat sat sat sat sat sat sat sat sat sat sat sat sat sat sat sat sat sat sat sat sat sat sat sat sat sat sat sat sat sat sat sat sat sat sat sat sat sat sat sat sat sat sat sat sat sat sat sat sat sat sat sat sat sat sat sat sat sat sat sat sat sat sat sat sat sat sat sat sat sat sat sat sat sat sat sat sat sat sat sat sat sat sat sat sat sat sat sat sat sat sat sat sat sat sat sat sat sat sat sat sat sat sat sat sat sat sat sat sat sat sat sat sat sat sat sat sat sat sat sat sat sat sat sat sat sat sat sat sat sat sat sat sat sat sat sat sat sat sat sat sat sat sat sat sat sat sat sat sat sat sat sat sat sat sat sat sat sat sat sat sat sat sat sat sat sat sat sat sat sat sat sat sat sat sat sat sat sat sat sat sat sat sat sat sat sat sat sat sat sat sat sat sat sat sat sat sat sat sat sat sat sat sat sat sat sat sat sat sat sat sat sat sat sat sat sat sat sat sat sat sat sat sat sat sat sat sat sat sat sat sat sat sat sat sat sat sat sat sat sat sat sat sat sat sat sat sat sat sat sat sat sat sat sat sat sat sat sat sat sat sat sat sat sat sat sat sat sat sat sat sat sat sat sat sat sat sat sat sat sat sat sat sat sat sat sat sat sat sat sat sat sat sat sat sat sat sat sat sat sat sat sat sat sat sat sat sat sat sat sat sat sat sat sat sat sat sat sat sat sat sat sat sat sat sat sat sat sat sat sat sat sat sat sat sat sat sat sat sat sat sat
dartagnan-355804860.ll.smt2,MATCH,356.3863,341.4054,14.9809,sat sat sat sat sat sat sat sat sat sat sat sat sat sat sat sat sat sat sat sat sat sat sat sat sat sat sat sat sat sat sat sat sat sat sat sat sat sat sat sat sat sat sat sat sat sat sat sat sat sat sat sat sat sat sat sat sat sat sat sat sat sat sat sat sat sat sat sat sat sat sat sat sat sat sat sat sat sat sat sat sat sat sat sat sat sat sat sat sat sat sat sat sat sat sat sat sat sat sat sat sat sat sat sat sat sat sat sat sat sat sat sat sat sat sat sat sat sat sat sat sat sat sat sat sat sat sat sat sat sat sat sat sat sat sat sat sat sat sat sat sat sat sat sat sat sat sat sat sat sat sat sat sat sat sat sat sat sat sat sat sat sat sat sat sat sat sat sat sat sat sat sat sat sat sat sat sat sat sat sat sat sat sat sat sat sat sat sat sat sat sat sat sat sat sat sat sat sat sat sat sat sat sat sat sat sat sat sat sat sat sat sat sat sat sat sat sat sat sat sat sat sat sat sat sat sat sat sat sat sat sat sat sat sat sat sat sat sat sat sat sat sat sat sat sat sat sat sat sat sat sat sat sat sat sat sat sat sat sat sat sat sat sat sat sat sat sat sat sat sat sat sat sat sat sat sat sat sat sat sat sat sat sat sat sat sat sat sat sat sat sat sat sat sat sat sat sat sat sat sat sat sat sat sat sat sat sat sat sat sat sat sat sat sat sat sat sat sat sat sat sat sat sat sat sat sat sat sat sat sat sat sat sat sat sat sat sat sat sat sat sat sat sat sat sat sat sat sat sat sat sat sat sat sat sat sat sat sat sat sat sat sat sat sat sat sat sat sat sat sat sat sat sat sat sat sat sat sat sat sat sat sat sat sat sat sat sat sat sat sat sat sat sat sat sat sat sat sat sat sat sat sat sat sat sat sat sat sat sat sat sat sat sat sat sat sat sat sat sat sat sat sat sat sat sat sat sat sat sat sat sat sat sat sat sat sat sat sat sat sat sat sat sat sat sat sat sat sat sat sat sat sat sat sat sat sat sat sat sat sat sat sat sat sat sat sat sat sat sat sat sat sat sat sat sat sat sat sat sat sat sat sat sat sat sat sat sat sat sat sat sat sat sat sat sat sat sat sat sat sat sat sat sat sat sat sat sat sat sat sat sat sat sat sat sat sat sat sat sat sat sat sat sat sat sat sat sat sat sat sat sat sat sat sat sat sat sat sat sat sat sat sat sat sat sat sat sat sat sat sat sat sat sat sat sat sat sat sat sat sat sat sat sat sat sat sat sat sat sat sat sat sat sat sat sat sat sat sat sat sat sat sat sat sat sat sat sat sat sat sat sat sat sat sat sat sat sat sat sat sat sat sat sat sat sat sat sat sat sat sat sat sat sat sat sat sat sat sat sat sat sat sat sat sat sat sat sat sat sat sat sat sat sat sat sat sat sat sat sat sat sat sat sat sat sat sat sat sat sat sat sat sat sat sat sat sat sat sat sat sat sat sat sat sat sat sat sat sat sat sat sat sat sat sat sat sat sat sat sat sat sat sat sat sat sat sat sat sat sat sat sat sat sat sat sat sat sat sat sat sat sat sat sat sat sat sat sat sat sat sat sat sat sat sat sat sat sat sat sat sat sat sat sat sat sat sat sat sat sat sat sat sat sat sat sat sat sat sat sat sat sat sat sat sat sat sat sat sat sat sat sat sat sat sat sat sat sat sat sat sat sat sat sat sat sat sat sat sat sat sat sat sat sat sat sat sat sat sat sat sat sat sat sat sat sat sat sat sat sat sat sat sat sat sat sat sat sat sat sat sat sat sat sat sat sat sat sat sat sat sat sat sat sat sat sat sat sat sat sat sat sat sat sat sat sat sat sat sat sat sat sat sat sat sat sat sat sat sat sat sat sat sat sat sat sat sat sat sat sat sat sat sat sat sat sat sat sat sat sat sat sat sat sat sat sat sat sat sat sat sat sat sat sat sat sat sat sat sat sat sat sat sat sat sat sat sat sat sat sat sat sat sat sat sat sat sat sat sat sat sat sat sat sat sat sat sat sat sat sat sat sat sat sat sat sat sat sat sat sat sat sat sat sat sat sat sat sat sat sat sat sat sat sat sat sat sat sat sat sat sat sat sat sat sat sat sat sat sat sat sat sat sat sat sat sat sat sat sat sat sat sat sat sat sat sat sat sat sat sat sat sat sat sat sat sat sat sat sat sat sat sat sat sat sat sat sat sat sat sat sat sat sat sat sat sat sat sat sat sat sat sat sat sat sat sat sat sat sat sat sat sat sat sat sat sat sat sat sat sat sat sat sat sat sat sat sat sat sat sat sat sat sat sat sat sat sat sat sat sat sat sat sat sat sat sat sat sat sat sat sat sat sat sat sat sat sat sat sat sat sat sat sat sat sat sat sat sat sat sat sat sat sat sat sat sat sat sat sat sat sat sat sat sat sat sat sat sat sat sat sat sat sat sat sat sat sat sat sat sat sat sat sat sat sat sat sat sat sat sat sat sat sat sat sat sat sat sat sat sat sat sat sat sat sat sat sat sat sat sat sat sat sat sat sat sat sat sat sat sat sat sat sat sat sat sat sat sat sat sat sat sat sat sat sat sat sat sat sat sat sat sat sat sat sat sat sat sat sat sat sat sat sat sat sat sat sat sat sat sat sat sat sat sat sat sat sat sat sat sat sat sat sat sat sat sat sat sat sat sat sat sat sat sat sat sat sat sat sat sat sat sat sat sat sat sat sat sat sat sat sat sat sat sat sat sat sat sat sat sat sat sat sat sat sat sat sat sat sat sat sat sat sat sat sat sat sat sat sat sat sat sat sat sat sat sat sat sat sat sat sat sat sat sat sat sat sat sat sat sat sat sat sat sat sat sat sat sat sat sat sat sat sat sat sat sat sat sat sat sat sat sat sat sat sat sat sat sat sat sat sat sat sat sat sat sat sat sat sat sat sat sat sat sat sat sat sat sat sat sat sat sat sat sat sat sat sat sat sat sat sat sat sat sat sat sat sat sat sat sat sat sat sat sat sat sat sat sat sat sat sat sat sat sat sat sat sat sat sat sat sat sat sat sat sat sat sat sat sat sat sat sat sat sat sat sat sat sat sat sat sat sat sat sat sat sat sat sat sat sat sat sat sat sat sat sat sat sat sat sat sat sat sat sat sat sat sat sat sat sat sat sat sat sat sat sat sat sat sat sat sat sat sat sat sat sat sat sat sat sat sat sat sat sat sat sat sat sat sat sat sat sat sat sat sat sat sat sat sat sat sat sat sat sat sat sat sat sat sat sat sat sat sat sat sat sat sat sat sat sat sat sat sat sat sat sat sat sat sat sat sat sat sat sat sat sat sat sat sat sat sat sat sat sat sat sat sat sat sat sat sat sat sat sat sat sat sat sat sat sat sat sat sat sat sat sat sat sat sat sat sat sat sat sat sat sat sat sat sat sat sat sat sat sat sat sat sat sat sat sat sat sat sat sat sat sat sat sat sat sat sat sat sat sat sat sat sat sat sat sat sat sat sat sat sat sat sat sat sat sat sat sat sat sat sat sat sat sat sat sat sat sat sat sat sat sat sat sat sat sat sat sat sat sat sat sat sat sat sat sat sat sat sat sat sat sat sat sat sat sat sat sat sat sat sat sat sat sat sat sat sat sat sat sat sat sat sat sat sat sat sat sat sat sat sat sat sat sat sat sat sat sat sat sat sat sat sat sat sat sat sat sat sat sat sat sat sat sat sat sat sat sat sat sat sat sat sat sat sat sat sat sat sat sat sat sat sat sat sat sat sat sat sat sat sat sat sat sat sat sat sat sat sat sat sat sat sat sat sat sat sat sat sat sat sat sat sat sat sat sat sat sat sat sat sat sat sat sat sat sat sat sat sat sat sat sat sat sat sat sat sat sat sat sat sat sat sat sat sat sat sat sat sat sat sat sat sat sat sat sat sat sat sat sat sat sat sat sat sat sat sat sat sat sat sat sat sat sat sat sat sat sat sat sat sat sat sat sat sat sat sat sat sat sat sat sat sat sat sat sat sat sat sat sat sat sat sat sat sat sat sat sat sat sat sat sat sat sat sat sat sat sat sat sat sat sat sat sat sat sat sat sat sat sat sat sat sat sat sat sat sat sat sat sat sat sat sat sat sat sat sat sat sat sat sat sat sat sat sat sat sat sat sat sat sat sat sat sat sat sat sat sat sat sat sat sat sat sat sat sat sat sat sat sat sat sat sat sat sat sat sat sat sat sat sat sat sat sat sat sat sat sat sat sat sat sat sat sat sat sat sat sat sat sat sat sat sat sat sat sat sat sat sat sat sat sat sat sat sat sat sat sat sat sat sat sat sat sat sat sat sat sat sat sat sat sat sat sat sat sat sat unsat sat sat sat sat sat sat,sat sat sat sat sat sat sat sat sat sat sat sat sat sat sat sat sat sat sat sat sat sat sat sat sat sat sat sat sat sat sat sat sat sat sat sat sat sat sat sat sat sat sat sat sat sat sat sat sat sat sat sat sat sat sat sat sat sat sat sat sat sat sat sat sat sat sat sat sat sat sat sat sat sat sat sat sat sat sat sat sat sat sat sat sat sat sat sat sat sat sat sat sat sat sat sat sat sat sat sat sat sat sat sat sat sat sat sat sat sat sat sat sat sat sat sat sat sat sat sat sat sat sat sat sat sat sat sat sat sat sat sat sat sat sat sat sat sat sat sat sat sat sat sat sat sat sat sat sat sat sat sat sat sat sat sat sat sat sat sat sat sat sat sat sat sat sat sat sat sat sat sat sat sat sat sat sat sat sat sat sat sat sat sat sat sat sat sat sat sat sat sat sat sat sat sat sat sat sat sat sat sat sat sat sat sat sat sat sat sat sat sat sat sat sat sat sat sat sat sat sat sat sat sat sat sat sat sat sat sat sat sat sat sat sat sat sat sat sat sat sat sat sat sat sat sat sat sat sat sat sat sat sat sat sat sat sat sat sat sat sat sat sat sat sat sat sat sat sat sat sat sat sat sat sat sat sat sat sat sat sat sat sat sat sat sat sat sat sat sat sat sat sat sat sat sat sat sat sat sat sat sat sat sat sat sat sat sat sat sat sat sat sat sat sat sat sat sat sat sat sat sat sat sat sat sat sat sat sat sat sat sat sat sat sat sat sat sat sat sat sat sat sat sat sat sat sat sat sat sat sat sat sat sat sat sat sat sat sat sat sat sat sat sat sat sat sat sat sat sat sat sat sat sat sat sat sat sat sat sat sat sat sat sat sat sat sat sat sat sat sat sat sat sat sat sat sat sat sat sat sat sat sat sat sat sat sat sat sat sat sat sat sat sat sat sat sat sat sat sat sat sat sat sat sat sat sat sat sat sat sat sat sat sat sat sat sat sat sat sat sat sat sat sat sat sat sat sat sat sat sat sat sat sat sat sat sat sat sat sat sat sat sat sat sat sat sat sat sat sat sat sat sat sat sat sat sat sat sat sat sat sat sat sat sat sat sat sat sat sat sat sat sat sat sat sat sat sat sat sat sat sat sat sat sat sat sat sat sat sat sat sat sat sat sat sat sat sat sat sat sat sat sat sat sat sat sat sat sat sat sat sat sat sat sat sat sat sat sat sat sat sat sat sat sat sat sat sat sat sat sat sat sat sat sat sat sat sat sat sat sat sat sat sat sat sat sat sat sat sat sat sat sat sat sat sat sat sat sat sat sat sat sat sat sat sat sat sat sat sat sat sat sat sat sat sat sat sat sat sat sat sat sat sat sat sat sat sat sat sat sat sat sat sat sat sat sat sat sat sat sat sat sat sat sat sat sat sat sat sat sat sat sat sat sat sat sat sat sat sat sat sat sat sat sat sat sat sat sat sat sat sat sat sat sat sat sat sat sat sat sat sat sat sat sat sat sat sat sat sat sat sat sat sat sat sat sat sat sat sat sat sat sat sat sat sat sat sat sat sat sat sat sat sat sat sat sat sat sat sat sat sat sat sat sat sat sat sat sat sat sat sat sat sat sat sat sat sat sat sat sat sat sat sat sat sat sat sat sat sat sat sat sat sat sat sat sat sat sat sat sat sat sat sat sat sat sat sat sat sat sat sat sat sat sat sat sat sat sat sat sat sat sat sat sat sat sat sat sat sat sat sat sat sat sat sat sat sat sat sat sat sat sat sat sat sat sat sat sat sat sat sat sat sat sat sat sat sat sat sat sat sat sat sat sat sat sat sat sat sat sat sat sat sat sat sat sat sat sat sat sat sat sat sat sat sat sat sat sat sat sat sat sat sat sat sat sat sat sat sat sat sat sat sat sat sat sat sat sat sat sat sat sat sat sat sat sat sat sat sat sat sat sat sat sat sat sat sat sat sat sat sat sat sat sat sat sat sat sat sat sat sat sat sat sat sat sat sat sat sat sat sat sat sat sat sat sat sat sat sat sat sat sat sat sat sat sat sat sat sat sat sat sat sat sat sat sat sat sat sat sat sat sat sat sat sat sat sat sat sat sat sat sat sat sat sat sat sat sat sat sat sat sat sat sat sat sat sat sat sat sat sat sat sat sat sat sat sat sat sat sat sat sat sat sat sat sat sat sat sat sat sat sat sat sat sat sat sat sat sat sat sat sat sat sat sat sat sat sat sat sat sat sat sat sat sat sat sat sat sat sat sat sat sat sat sat sat sat sat sat sat sat sat sat sat sat sat sat sat sat sat sat sat sat sat sat sat sat sat sat sat sat sat sat sat sat sat sat sat sat sat sat sat sat sat sat sat sat sat sat sat sat sat sat sat sat sat sat sat sat sat sat sat sat sat sat sat sat sat sat sat sat sat sat sat sat sat sat sat sat sat sat sat sat sat sat sat sat sat sat sat sat sat sat sat sat sat sat sat sat sat sat sat sat sat sat sat sat sat sat sat sat sat sat sat sat sat sat sat sat sat sat sat sat sat sat sat sat sat sat sat sat sat sat sat sat sat sat sat sat sat sat sat sat sat sat sat sat sat sat sat sat sat sat sat sat sat sat sat sat sat sat sat sat sat sat sat sat sat sat sat sat sat sat sat sat sat sat sat sat sat sat sat sat sat sat sat sat sat sat sat sat sat sat sat sat sat sat sat sat sat sat sat sat sat sat sat sat sat sat sat sat sat sat sat sat sat sat sat sat sat sat sat sat sat sat sat sat sat sat sat sat sat sat sat sat sat sat sat sat sat sat sat sat sat sat sat sat sat sat sat sat sat sat sat sat sat sat sat sat sat sat sat sat sat sat sat sat sat sat sat sat sat sat sat sat sat sat sat sat sat sat sat sat sat sat sat sat sat sat sat sat sat sat sat sat sat sat sat sat sat sat sat sat sat sat sat sat sat sat sat sat sat sat sat sat sat sat sat sat sat sat sat sat sat sat sat sat sat sat sat sat sat sat sat sat sat sat sat sat sat sat sat sat sat sat sat sat sat sat sat sat sat sat sat sat sat sat sat sat sat sat sat sat sat sat sat sat sat sat sat sat sat sat sat sat sat sat sat sat sat sat sat sat sat sat sat sat sat sat sat sat sat sat sat sat sat sat sat sat sat sat sat sat sat sat sat sat sat sat sat sat sat sat sat sat sat sat sat sat sat sat sat sat sat sat sat sat sat sat sat sat sat sat sat sat sat sat sat sat sat sat sat sat sat sat sat sat sat sat sat sat sat sat sat sat sat sat sat sat sat sat sat sat sat sat sat sat sat sat sat sat sat sat sat sat sat sat sat sat sat sat sat sat sat sat sat sat sat sat sat sat sat sat sat sat sat sat sat sat sat sat sat sat sat sat sat sat sat sat sat sat sat sat sat sat sat sat sat sat sat sat sat sat sat sat sat sat sat sat sat sat sat sat sat sat sat sat sat sat sat sat sat sat sat sat sat sat sat sat sat sat sat sat sat sat sat sat sat sat sat sat sat sat sat sat sat sat sat sat sat sat sat sat sat sat sat sat sat sat sat sat sat sat sat sat sat sat sat sat sat sat sat sat sat sat sat sat sat sat sat sat sat sat sat sat sat sat sat sat sat sat sat sat sat sat sat sat sat sat sat sat sat sat sat sat sat sat sat sat sat sat sat sat sat sat sat sat sat sat sat sat sat sat sat sat sat sat sat sat sat sat sat sat sat sat sat sat sat sat sat sat sat sat sat sat sat sat sat sat sat sat sat sat sat sat sat sat sat sat sat sat sat sat sat sat sat sat sat sat sat sat sat sat sat sat sat sat sat sat sat sat sat sat sat sat sat sat sat sat sat sat sat sat sat sat sat sat sat sat sat sat sat sat sat sat sat sat sat sat sat sat sat sat sat sat sat sat sat sat sat sat sat sat sat sat sat sat sat sat sat sat sat sat sat sat sat sat sat sat sat sat sat sat sat sat sat sat sat sat sat sat sat sat sat sat sat sat sat sat sat sat sat sat sat sat sat sat sat sat sat sat sat sat sat sat sat sat sat sat sat sat sat sat sat sat sat sat sat sat sat sat sat sat sat sat sat sat sat sat sat sat sat sat sat sat sat sat sat sat sat sat sat sat sat sat sat sat sat sat sat sat sat sat sat sat sat sat sat sat sat sat sat sat sat sat sat sat sat sat sat sat sat sat sat sat sat sat sat sat sat sat sat sat sat sat sat sat sat sat sat sat sat sat sat sat sat sat sat sat sat sat sat sat sat sat sat sat sat sat sat sat sat sat sat sat sat sat sat sat sat sat sat sat sat sat sat sat sat sat sat sat sat sat sat sat sat sat sat sat sat sat sat sat sat sat sat sat sat sat unsat sat sat sat sat sat sat
dartagnan-2905688035.ll.smt2,MATCH,539.87,473.9421,65.9279,sat sat sat sat sat sat sat sat sat sat sat sat sat sat sat sat sat sat sat sat sat sat sat sat sat sat sat sat sat sat sat sat sat sat sat sat sat sat sat sat sat sat sat sat sat sat sat sat sat sat sat sat sat sat sat sat sat sat sat sat sat sat sat sat sat sat sat sat sat sat sat sat sat sat sat sat sat sat sat sat sat sat sat sat sat sat sat sat sat sat sat sat sat sat sat sat sat sat sat sat sat sat sat sat sat sat sat sat sat sat sat sat sat sat sat sat sat sat sat sat sat sat sat sat sat sat sat sat sat sat sat sat sat sat sat sat sat sat sat sat sat sat sat sat sat sat sat sat sat sat sat sat sat sat sat sat sat sat sat sat sat sat sat sat sat sat sat sat sat sat sat sat sat sat sat sat sat sat sat sat sat sat sat sat sat sat sat sat sat sat sat sat sat sat sat sat sat sat sat sat sat sat sat sat sat sat sat sat sat sat sat sat sat sat sat sat sat sat sat sat sat sat sat sat sat sat sat sat sat sat sat sat sat sat sat sat sat sat sat sat sat sat sat sat sat sat sat sat sat sat sat sat sat sat sat sat sat sat sat sat sat sat sat sat sat sat sat sat sat sat sat sat sat sat sat sat sat sat sat sat sat sat sat sat sat sat sat sat sat sat sat sat sat sat sat sat sat sat sat sat sat sat sat sat sat sat sat sat sat sat sat sat sat sat sat sat sat sat sat sat sat sat sat sat sat sat sat sat sat sat sat sat sat sat sat sat sat sat sat sat sat sat sat sat sat sat sat sat sat sat sat sat sat sat sat sat sat sat sat sat sat sat sat sat sat sat sat sat sat sat sat sat sat sat sat sat sat sat sat sat sat sat sat sat sat sat sat sat sat sat sat sat sat sat sat sat sat sat sat sat sat sat sat sat sat sat sat sat sat sat sat sat sat sat sat sat sat sat sat sat sat sat sat sat sat sat sat sat sat sat sat sat sat sat sat sat sat sat sat sat sat sat sat sat sat sat sat sat sat sat sat sat sat sat sat sat sat sat sat sat sat sat sat sat sat sat sat sat sat sat sat sat sat sat sat sat sat sat sat sat sat sat sat sat sat sat sat sat sat sat sat sat sat sat sat sat sat sat sat sat sat sat sat sat sat sat sat sat sat sat sat sat sat sat sat sat sat sat sat sat sat sat sat sat sat sat sat sat sat sat sat sat sat sat sat sat sat sat sat sat sat sat sat sat sat sat sat sat sat sat sat sat sat sat sat sat sat sat sat sat sat sat sat sat sat sat sat sat sat sat sat sat sat sat sat sat sat sat sat sat sat sat sat sat sat sat sat sat sat sat sat sat sat sat sat sat sat sat sat sat sat sat sat sat sat sat sat sat sat sat sat sat sat sat sat sat sat sat sat sat sat sat sat sat sat sat sat sat sat sat sat sat sat sat sat sat sat sat sat sat sat sat sat sat sat sat sat sat sat sat sat sat sat sat sat sat sat sat sat sat sat sat sat sat sat sat sat sat sat sat sat sat sat sat sat sat sat sat sat sat sat sat sat sat sat sat sat sat sat sat sat sat sat sat sat sat sat sat sat sat sat sat sat sat sat sat sat sat sat sat sat sat sat sat sat sat sat sat sat sat sat sat sat sat sat sat sat sat sat sat sat sat sat sat sat sat sat sat sat sat sat sat sat sat sat sat sat sat sat sat sat sat sat sat sat sat sat sat sat sat sat sat sat sat sat sat sat sat sat sat sat sat sat sat sat sat sat sat sat sat sat sat sat sat sat sat sat sat sat sat sat sat sat sat sat sat sat sat sat sat sat sat sat sat sat sat sat sat sat sat sat sat sat sat sat sat sat sat sat sat sat sat sat sat sat sat sat sat sat sat sat sat sat sat sat sat sat sat sat sat sat sat sat sat sat sat sat sat sat sat sat sat sat sat sat sat sat sat sat sat sat sat sat sat sat sat sat sat sat sat sat sat sat sat sat sat sat sat sat sat sat sat sat sat sat sat sat sat sat sat sat sat sat sat sat sat sat sat sat sat sat sat sat sat sat sat sat sat sat sat sat sat sat sat sat sat sat sat sat sat sat sat sat sat sat sat sat sat sat sat sat sat sat sat sat sat sat sat sat sat sat sat sat sat sat sat sat sat sat sat sat sat sat sat sat sat sat sat sat sat sat sat sat sat sat sat sat sat sat sat sat sat sat sat sat sat sat sat sat sat sat sat sat sat sat sat sat sat sat sat sat sat sat sat sat sat sat sat sat sat sat sat sat sat sat sat sat sat sat sat sat sat sat sat sat sat sat sat sat sat sat sat sat sat sat sat sat sat sat sat sat sat sat sat sat sat sat sat sat sat sat sat sat sat sat sat sat sat sat sat sat sat sat sat sat sat sat sat sat sat sat sat sat sat sat sat sat sat sat sat sat sat sat sat sat sat sat sat sat sat sat sat sat sat sat sat sat sat sat sat sat sat sat sat sat sat sat sat sat sat sat sat sat sat sat sat sat sat sat sat sat sat sat sat sat sat sat sat sat sat sat sat sat sat sat sat sat sat sat sat sat sat sat sat sat sat sat sat sat sat sat sat sat sat sat sat sat sat sat sat sat sat sat sat sat sat sat sat sat sat sat sat sat sat sat sat sat sat sat sat sat sat sat sat sat sat sat sat sat sat sat sat sat sat sat sat sat sat sat sat sat sat sat sat sat sat sat sat sat sat sat sat sat sat sat sat sat sat sat sat sat sat sat sat sat sat sat sat sat sat sat sat sat sat sat sat sat sat sat sat sat sat sat sat sat sat sat sat sat sat sat sat sat sat sat sat sat sat sat sat sat sat sat sat sat sat sat sat sat sat sat sat sat sat sat sat sat sat sat sat sat sat sat sat sat sat sat sat sat sat sat sat sat sat sat sat sat sat sat sat sat sat sat sat sat sat sat sat sat sat sat sat sat sat sat sat sat sat sat sat sat sat sat sat sat sat sat sat sat sat sat sat sat sat sat sat sat sat sat sat sat sat sat sat sat sat sat sat sat sat sat sat sat sat sat sat sat sat sat sat sat sat sat sat sat sat sat sat sat sat sat sat sat sat sat sat sat sat sat sat sat sat sat sat sat sat sat sat sat sat sat sat sat sat sat sat sat sat sat sat sat sat sat sat sat sat sat sat sat sat sat sat sat sat sat sat sat sat sat sat sat sat sat sat sat sat sat sat sat sat sat sat sat sat sat sat sat sat sat sat sat sat sat sat sat sat sat sat sat sat sat sat sat sat sat sat sat sat sat sat sat sat sat sat sat sat sat sat sat sat sat sat sat sat sat sat sat sat sat sat sat sat sat sat sat sat sat sat sat sat sat sat sat sat sat sat sat sat sat sat sat sat sat sat sat sat sat sat sat sat sat sat sat sat sat sat sat sat sat sat sat sat sat sat sat sat sat sat sat sat sat sat sat sat sat sat sat sat sat sat sat sat sat sat sat sat sat sat sat sat sat sat sat sat sat sat sat sat sat sat sat sat sat sat sat sat sat sat sat sat sat sat sat sat sat sat sat sat sat sat sat sat sat sat sat sat sat sat sat sat sat sat sat sat sat sat sat sat sat sat sat sat sat sat sat sat sat sat sat sat sat sat sat sat sat sat sat sat sat sat sat sat sat sat sat sat sat sat sat sat sat sat sat sat sat sat sat sat sat sat sat sat sat sat sat sat sat sat sat sat sat sat sat sat sat sat sat sat sat sat sat sat sat sat sat sat sat sat sat sat sat sat sat sat sat sat sat sat sat sat sat sat sat sat sat sat sat sat sat sat sat sat sat sat sat sat sat sat sat sat sat sat sat sat sat sat sat sat sat sat sat sat sat sat sat sat sat sat sat sat sat sat sat sat sat sat sat sat sat sat sat sat sat sat sat sat sat sat sat sat sat sat sat sat sat sat sat sat sat sat sat sat sat sat sat sat sat sat sat sat sat sat sat sat sat sat sat sat sat sat sat sat sat sat sat sat sat sat sat sat sat sat sat sat sat sat sat sat sat sat sat sat sat sat sat sat sat sat sat sat sat sat sat sat sat sat sat sat sat sat sat sat sat sat sat sat sat sat sat sat sat sat sat sat sat sat sat sat sat sat sat sat sat sat sat sat sat sat sat sat sat sat sat sat sat sat sat sat sat sat sat sat sat sat sat sat sat sat sat sat sat sat sat sat sat sat sat sat sat sat sat sat sat sat sat sat sat sat sat sat sat sat sat sat sat sat sat sat sat sat sat sat sat sat sat sat sat sat sat sat sat sat sat sat sat sat sat sat sat sat sat sat sat sat sat sat sat sat sat sat sat sat sat sat sat sat sat sat sat sat sat sat sat sat sat sat sat sat sat sat sat sat sat sat sat sat sat sat sat sat sat sat sat sat sat sat sat sat sat sat sat sat sat sat sat sat sat sat sat sat sat sat sat sat sat sat sat sat sat sat sat sat sat sat sat sat sat sat sat sat sat sat sat sat sat sat sat sat sat sat sat sat sat sat sat sat sat sat sat sat sat sat sat sat sat sat sat sat sat sat sat sat sat sat sat sat sat sat sat sat sat sat sat sat sat sat sat sat sat sat sat sat sat sat sat sat sat sat sat sat sat sat sat sat sat sat sat sat sat sat unsat sat sat sat sat sat,sat sat sat sat sat sat sat sat sat sat sat sat sat sat sat sat sat sat sat sat sat sat sat sat sat sat sat sat sat sat sat sat sat sat sat sat sat sat sat sat sat sat sat sat sat sat sat sat sat sat sat sat sat sat sat sat sat sat sat sat sat sat sat sat sat sat sat sat sat sat sat sat sat sat sat sat sat sat sat sat sat sat sat sat sat sat sat sat sat sat sat sat sat sat sat sat sat sat sat sat sat sat sat sat sat sat sat sat sat sat sat sat sat sat sat sat sat sat sat sat sat sat sat sat sat sat sat sat sat sat sat sat sat sat sat sat sat sat sat sat sat sat sat sat sat sat sat sat sat sat sat sat sat sat sat sat sat sat sat sat sat sat sat sat sat sat sat sat sat sat sat sat sat sat sat sat sat sat sat sat sat sat sat sat sat sat sat sat sat sat sat sat sat sat sat sat sat sat sat sat sat sat sat sat sat sat sat sat sat sat sat sat sat sat sat sat sat sat sat sat sat sat sat sat sat sat sat sat sat sat sat sat sat sat sat sat sat sat sat sat sat sat sat sat sat sat sat sat sat sat sat sat sat sat sat sat sat sat sat sat sat sat sat sat sat sat sat sat sat sat sat sat sat sat sat sat sat sat sat sat sat sat sat sat sat sat sat sat sat sat sat sat sat sat sat sat sat sat sat sat sat sat sat sat sat sat sat sat sat sat sat sat sat sat sat sat sat sat sat sat sat sat sat sat sat sat sat sat sat sat sat sat sat sat sat sat sat sat sat sat sat sat sat sat sat sat sat sat sat sat sat sat sat sat sat sat sat sat sat sat sat sat sat sat sat sat sat sat sat sat sat sat sat sat sat sat sat sat sat sat sat sat sat sat sat sat sat sat sat sat sat sat sat sat sat sat sat sat sat sat sat sat sat sat sat sat sat sat sat sat sat sat sat sat sat sat sat sat sat sat sat sat sat sat sat sat sat sat sat sat sat sat sat sat sat sat sat sat sat sat sat sat sat sat sat sat sat sat sat sat sat sat sat sat sat sat sat sat sat sat sat sat sat sat sat sat sat sat sat sat sat sat sat sat sat sat sat sat sat sat sat sat sat sat sat sat sat sat sat sat sat sat sat sat sat sat sat sat sat sat sat sat sat sat sat sat sat sat sat sat sat sat sat sat sat sat sat sat sat sat sat sat sat sat sat sat sat sat sat sat sat sat sat sat sat sat sat sat sat sat sat sat sat sat sat sat sat sat sat sat sat sat sat sat sat sat sat sat sat sat sat sat sat sat sat sat sat sat sat sat sat sat sat sat sat sat sat sat sat sat sat sat sat sat sat sat sat sat sat sat sat sat sat sat sat sat sat sat sat sat sat sat sat sat sat sat sat sat sat sat sat sat sat sat sat sat sat sat sat sat sat sat sat sat sat sat sat sat sat sat sat sat sat sat sat sat sat sat sat sat sat sat sat sat sat sat sat sat sat sat sat sat sat sat sat sat sat sat sat sat sat sat sat sat sat sat sat sat sat sat sat sat sat sat sat sat sat sat sat sat sat sat sat sat sat sat sat sat sat sat sat sat sat sat sat sat sat sat sat sat sat sat sat sat sat sat sat sat sat sat sat sat sat sat sat sat sat sat sat sat sat sat sat sat sat sat sat sat sat sat sat sat sat sat sat sat sat sat sat sat sat sat sat sat sat sat sat sat sat sat sat sat sat sat sat sat sat sat sat sat sat sat sat sat sat sat sat sat sat sat sat sat sat sat sat sat sat sat sat sat sat sat sat sat sat sat sat sat sat sat sat sat sat sat sat sat sat sat sat sat sat sat sat sat sat sat sat sat sat sat sat sat sat sat sat sat sat sat sat sat sat sat sat sat sat sat sat sat sat sat sat sat sat sat sat sat sat sat sat sat sat sat sat sat sat sat sat sat sat sat sat sat sat sat sat sat sat sat sat sat sat sat sat sat sat sat sat sat sat sat sat sat sat sat sat sat sat sat sat sat sat sat sat sat sat sat sat sat sat sat sat sat sat sat sat sat sat sat sat sat sat sat sat sat sat sat sat sat sat sat sat sat sat sat sat sat sat sat sat sat sat sat sat sat sat sat sat sat sat sat sat sat sat sat sat sat sat sat sat sat sat sat sat sat sat sat sat sat sat sat sat sat sat sat sat sat sat sat sat sat sat sat sat sat sat sat sat sat sat sat sat sat sat sat sat sat sat sat sat sat sat sat sat sat sat sat sat sat sat sat sat sat sat sat sat sat sat sat sat sat sat sat sat sat sat sat sat sat sat sat sat sat sat sat sat sat sat sat sat sat sat sat sat sat sat sat sat sat sat sat sat sat sat sat sat sat sat sat sat sat sat sat sat sat sat sat sat sat sat sat sat sat sat sat sat sat sat sat sat sat sat sat sat sat sat sat sat sat sat sat sat sat sat sat sat sat sat sat sat sat sat sat sat sat sat sat sat sat sat sat sat sat sat sat sat sat sat sat sat sat sat sat sat sat sat sat sat sat sat sat sat sat sat sat sat sat sat sat sat sat sat sat sat sat sat sat sat sat sat sat sat sat sat sat sat sat sat sat sat sat sat sat sat sat sat sat sat sat sat sat sat sat sat sat sat sat sat sat sat sat sat sat sat sat sat sat sat sat sat sat sat sat sat sat sat sat sat sat sat sat sat sat sat sat sat sat sat sat sat sat sat sat sat sat sat sat sat sat sat sat sat sat sat sat sat sat sat sat sat sat sat sat sat sat sat sat sat sat sat sat sat sat sat sat sat sat sat sat sat sat sat sat sat sat sat sat sat sat sat sat sat sat sat sat sat sat sat sat sat sat sat sat sat sat sat sat sat sat sat sat sat sat sat sat sat sat sat sat sat sat sat sat sat sat sat sat sat sat sat sat sat sat sat sat sat sat sat sat sat sat sat sat sat sat sat sat sat sat sat sat sat sat sat sat sat sat sat sat sat sat sat sat sat sat sat sat sat sat sat sat sat sat sat sat sat sat sat sat sat sat sat sat sat sat sat sat sat sat sat sat sat sat sat sat sat sat sat sat sat sat sat sat sat sat sat sat sat sat sat sat sat sat sat sat sat sat sat sat sat sat sat sat sat sat sat sat sat sat sat sat sat sat sat sat sat sat sat sat sat sat sat sat sat sat sat sat sat sat sat sat sat sat sat sat sat sat sat sat sat sat sat sat sat sat sat sat sat sat sat sat sat sat sat sat sat sat sat sat sat sat sat sat sat sat sat sat sat sat sat sat sat sat sat sat sat sat sat sat sat sat sat sat sat sat sat sat sat sat sat sat sat sat sat sat sat sat sat sat sat sat sat sat sat sat sat sat sat sat sat sat sat sat sat sat sat sat sat sat sat sat sat sat sat sat sat sat sat sat sat sat sat sat sat sat sat sat sat sat sat sat sat sat sat sat sat sat sat sat sat sat sat sat sat sat sat sat sat sat sat sat sat sat sat sat sat sat sat sat sat sat sat sat sat sat sat sat sat sat sat sat sat sat sat sat sat sat sat sat sat sat sat sat sat sat sat sat sat sat sat sat sat sat sat sat sat sat sat sat sat sat sat sat sat sat sat sat sat sat sat sat sat sat sat sat sat sat sat sat sat sat sat sat sat sat sat sat sat sat sat sat sat sat sat sat sat sat sat sat sat sat sat sat sat sat sat sat sat sat sat sat sat sat sat sat sat sat sat sat sat sat sat sat sat sat sat sat sat sat sat sat sat sat sat sat sat sat sat sat sat sat sat sat sat sat sat sat sat sat sat sat sat sat sat sat sat sat sat sat sat sat sat sat sat sat sat sat sat sat sat sat sat sat sat sat sat sat sat sat sat sat sat sat sat sat sat sat sat sat sat sat sat sat sat sat sat sat sat sat sat sat sat sat sat sat sat sat sat sat sat sat sat sat sat sat sat sat sat sat sat sat sat sat sat sat sat sat sat sat sat sat sat sat sat sat sat sat sat sat sat sat sat sat sat sat sat sat sat sat sat sat sat sat sat sat sat sat sat sat sat sat sat sat sat sat sat sat sat sat sat sat sat sat sat sat sat sat sat sat sat sat sat sat sat sat sat sat sat sat sat sat sat sat sat sat sat sat sat sat sat sat sat sat sat sat sat sat sat sat sat sat sat sat sat sat sat sat sat sat sat sat sat sat sat sat sat sat sat sat sat sat sat sat sat sat sat sat sat sat sat sat sat sat sat sat sat sat sat sat sat sat sat sat sat sat sat sat sat sat sat sat sat sat sat sat sat sat sat sat sat sat sat sat sat sat sat sat sat sat sat sat sat sat sat sat sat sat sat sat sat sat sat sat sat sat sat sat sat sat sat sat sat sat sat sat sat sat sat sat sat sat sat sat sat sat sat sat sat sat sat sat sat sat sat sat sat sat sat sat sat sat sat sat sat sat sat sat sat sat sat sat sat sat sat sat sat sat sat sat sat sat sat sat sat sat sat sat sat sat sat sat sat sat sat sat sat sat sat sat sat sat sat sat sat sat sat sat sat sat sat sat sat sat sat sat sat sat sat sat sat sat sat sat sat sat sat sat sat sat sat sat sat sat sat sat sat sat sat sat sat sat sat sat sat sat sat sat sat sat sat sat sat sat sat sat sat sat sat sat sat sat unsat sat sat sat sat sat
dartagnan-617244361.ll.smt2,MATCH,663.381,583.3556,80.0254,sat sat sat sat sat sat sat sat sat sat sat sat sat sat sat sat sat sat sat sat sat sat sat sat sat sat sat sat sat sat sat sat sat sat sat sat sat sat sat sat sat sat sat sat sat sat sat sat sat sat sat sat sat sat sat sat sat sat sat sat sat sat sat sat sat sat sat sat sat sat sat sat sat sat sat sat sat sat sat sat sat sat sat sat sat sat sat sat sat sat sat sat sat sat sat sat sat sat sat sat sat sat sat sat sat sat sat sat sat sat sat sat sat sat sat sat sat sat sat sat sat sat sat sat sat sat sat sat sat sat sat sat sat sat sat sat sat sat sat sat sat sat sat sat sat sat sat sat sat sat sat sat sat sat sat sat sat sat sat sat sat sat sat sat sat sat sat sat sat sat sat sat sat sat sat sat sat sat sat sat sat sat sat sat sat sat sat sat sat sat sat sat sat sat sat sat sat sat sat sat sat sat sat sat sat sat sat sat sat sat sat sat sat sat sat sat sat sat sat sat sat sat sat sat sat sat sat sat sat sat sat sat sat sat sat sat sat sat sat sat sat sat sat sat sat sat sat sat sat sat sat sat sat sat sat sat sat sat sat sat sat sat sat sat sat sat sat sat sat sat sat sat sat sat sat sat sat sat sat sat sat sat sat sat sat sat sat sat sat sat sat sat sat sat sat sat sat sat sat sat sat sat sat sat sat sat sat sat sat sat sat sat sat sat sat sat sat sat sat sat sat sat sat sat sat sat sat sat sat sat sat sat sat sat sat sat sat sat sat sat sat sat sat sat sat sat sat sat sat sat sat sat sat sat sat sat sat sat sat sat sat sat sat sat sat sat sat sat sat sat sat sat sat sat sat sat sat sat sat sat sat sat sat sat sat sat sat sat sat sat sat sat sat sat sat sat sat sat sat sat sat sat sat sat sat sat sat sat sat sat sat sat sat sat sat sat sat sat sat sat sat sat sat sat sat sat sat sat sat sat sat sat sat sat sat sat sat sat sat sat sat sat sat sat sat sat sat sat sat sat sat sat sat sat sat sat sat sat sat sat sat sat sat sat sat sat sat sat sat sat sat sat sat sat sat sat sat sat sat sat sat sat sat sat sat sat sat sat sat sat sat sat sat sat sat sat sat sat sat sat sat sat sat sat sat sat sat sat sat sat sat sat sat sat sat sat sat sat sat sat sat sat sat sat sat sat sat sat sat sat sat sat sat sat sat sat sat sat sat sat sat sat sat sat sat sat sat sat sat sat sat sat sat sat sat sat sat sat sat sat sat sat sat sat sat sat sat sat sat sat sat sat sat sat sat sat sat sat sat sat sat sat sat sat sat sat sat sat sat sat sat sat sat sat sat sat sat sat sat sat sat sat sat sat sat sat sat sat sat sat sat sat sat sat sat sat sat sat sat sat sat sat sat sat sat sat sat sat sat sat sat sat sat sat sat sat sat sat sat sat sat sat sat sat sat sat sat sat sat sat sat sat sat sat sat sat sat sat sat sat sat sat sat sat sat sat sat sat sat sat sat sat sat sat sat sat sat sat sat sat sat sat sat sat sat sat sat sat sat sat sat sat sat sat sat sat sat sat sat sat sat sat sat sat sat sat sat sat sat sat sat sat sat sat sat sat sat sat sat sat sat sat sat sat sat sat sat sat sat sat sat sat sat sat sat sat sat sat sat sat sat sat sat sat sat sat sat sat sat sat sat sat sat sat sat sat sat sat sat sat sat sat sat sat sat sat sat sat sat sat sat sat sat sat sat sat sat sat sat sat sat sat sat sat sat sat sat sat sat sat sat sat sat sat sat sat sat sat sat sat sat sat sat sat sat sat sat sat sat sat sat sat sat sat sat sat sat sat sat sat sat sat sat sat sat sat sat sat sat sat sat sat sat sat sat sat sat sat sat sat sat sat sat sat sat sat sat sat sat sat sat sat sat sat sat sat sat sat sat sat sat sat sat sat sat sat sat sat sat sat sat sat sat sat sat sat sat sat sat sat sat sat sat sat sat sat sat sat sat sat sat sat sat sat sat sat sat sat sat sat sat sat sat sat sat sat sat sat sat sat sat sat sat sat sat sat sat sat sat sat sat sat sat sat sat sat sat sat sat sat sat sat sat sat sat sat sat sat sat sat sat sat sat sat sat sat sat sat sat sat sat sat sat sat sat sat sat sat sat sat sat sat sat sat sat sat sat sat sat sat sat sat sat sat sat sat sat sat sat sat sat sat sat sat sat sat sat sat sat sat sat sat sat sat sat sat sat sat sat sat sat sat sat sat sat sat sat sat sat sat sat sat sat sat sat sat sat sat sat sat sat sat sat sat sat sat sat sat sat sat sat sat sat sat sat sat sat sat sat sat sat sat sat sat sat sat sat sat sat sat sat sat sat sat sat sat sat sat sat sat sat sat sat sat sat sat sat sat sat sat sat sat sat sat sat sat sat sat sat sat sat sat sat sat sat sat sat sat sat sat sat sat sat sat sat sat sat sat sat sat sat sat sat sat sat sat sat sat sat sat sat sat sat sat sat sat sat sat sat sat sat sat sat sat sat sat sat sat sat sat sat sat sat sat sat sat sat sat sat sat sat sat sat sat sat sat sat sat sat sat sat sat sat sat sat sat sat sat sat sat sat sat sat sat sat sat sat sat sat sat sat sat sat sat sat sat sat sat sat sat sat sat sat sat sat sat sat sat sat sat sat sat sat sat sat sat sat sat sat sat sat sat sat sat sat sat sat sat sat sat sat sat sat sat sat sat sat sat sat sat sat sat sat sat sat sat sat sat sat sat sat sat sat sat sat sat sat sat sat sat sat sat sat sat sat sat sat sat sat sat sat sat sat sat sat sat sat sat sat sat sat sat sat sat sat sat sat sat sat sat sat sat sat sat sat sat sat sat sat sat sat sat sat sat sat sat sat sat sat sat sat sat sat sat sat sat sat sat sat sat sat sat sat sat sat sat sat sat sat sat sat sat sat sat sat sat sat sat sat sat sat sat sat sat sat sat sat sat sat sat sat sat sat sat sat sat sat sat sat sat sat sat sat sat sat sat sat sat sat sat sat sat sat sat sat sat sat sat sat sat sat sat sat sat sat sat sat sat sat sat sat sat sat sat sat sat sat sat sat sat sat sat sat sat sat sat sat sat sat sat sat sat sat sat sat sat sat sat sat sat sat sat sat sat sat sat sat sat sat sat sat sat sat sat sat sat sat sat sat sat sat sat sat sat sat sat sat sat sat sat sat sat sat sat sat sat sat sat sat sat sat sat sat sat sat sat sat sat sat sat sat sat sat sat sat sat sat sat sat sat sat sat sat sat sat sat sat sat sat sat sat sat sat sat sat sat sat sat sat sat sat sat sat sat sat sat sat sat sat sat sat sat sat sat sat sat sat sat sat sat sat sat sat sat sat sat sat sat sat sat sat sat sat sat sat sat sat sat sat sat sat sat sat sat sat sat sat sat sat sat sat sat sat sat sat sat sat sat sat sat sat sat sat sat sat sat sat sat sat sat sat sat sat sat sat sat sat sat sat sat sat sat sat sat sat sat sat sat sat sat sat sat sat sat sat sat sat sat sat sat sat sat sat sat sat sat sat sat sat sat sat sat sat sat sat sat sat sat sat sat sat sat sat sat sat sat sat sat sat sat sat sat sat sat sat sat sat sat sat sat sat sat sat sat sat sat sat sat sat sat sat sat sat sat sat sat sat sat sat sat sat sat sat sat sat sat sat sat sat sat sat sat sat sat sat sat sat sat sat sat sat sat sat sat sat sat sat sat sat sat sat sat sat sat sat sat sat sat sat sat sat sat sat sat sat sat sat sat sat sat sat sat sat sat sat sat sat sat sat sat sat sat sat sat sat sat sat sat sat sat sat sat sat sat sat sat sat sat sat sat sat sat sat sat sat sat sat sat sat sat sat sat sat sat sat sat sat sat sat sat sat sat sat sat sat sat sat sat sat sat sat sat sat sat sat sat sat sat sat sat sat sat sat sat sat sat sat sat sat sat sat sat sat sat sat sat sat sat sat sat sat sat sat sat sat sat sat sat sat sat sat sat sat sat sat sat sat sat sat sat sat sat sat sat sat sat sat sat sat sat sat sat sat sat sat sat sat sat sat sat sat sat sat sat sat sat sat sat sat sat sat sat sat sat sat sat sat sat sat sat sat sat sat sat sat sat sat sat sat sat sat sat sat sat sat sat sat sat sat sat sat sat sat sat sat sat sat sat sat sat sat sat sat sat sat sat sat sat sat sat sat sat sat sat sat sat sat sat sat sat sat sat sat sat sat sat sat sat sat sat sat sat sat sat sat sat sat sat sat sat sat sat sat sat sat sat sat sat sat sat sat sat sat sat sat sat sat sat sat sat sat sat sat sat sat sat sat sat sat sat sat sat sat sat sat sat sat sat sat sat sat sat sat sat sat sat sat sat sat sat sat sat sat sat sat sat sat sat sat sat sat sat sat sat sat sat sat sat sat sat sat sat sat sat sat sat sat sat sat sat sat sat sat sat sat sat sat sat sat sat sat sat sat sat sat sat sat sat sat sat sat sat sat sat sat sat sat sat sat sat sat sat sat sat sat sat sat sat sat sat sat sat sat sat sat sat sat sat sat sat sat sat sat sat sat sat sat sat sat sat sat sat sat sat sat sat sat sat sat sat sat sat sat sat sat sat sat sat sat sat sat sat sat sat sat sat sat sat sat sat sat sat sat sat sat sat sat sat sat sat sat sat sat sat sat sat sat sat sat sat sat sat sat sat sat sat sat sat sat sat sat sat sat sat sat sat sat sat sat sat sat sat sat sat sat sat sat sat sat sat sat sat sat sat sat sat sat sat sat sat sat sat sat sat sat sat sat sat sat sat sat sat sat sat sat sat sat sat sat sat sat sat sat sat sat sat sat sat sat sat sat sat sat sat sat sat sat sat sat sat sat sat sat sat sat sat sat sat sat sat sat sat sat sat sat sat sat sat sat sat sat sat sat sat sat sat sat sat sat sat sat sat sat sat sat sat sat sat sat sat sat sat sat sat unsat sat sat sat sat,sat sat sat sat sat sat sat sat sat sat sat sat sat sat sat sat sat sat sat sat sat sat sat sat sat sat sat sat sat sat sat sat sat sat sat sat sat sat sat sat sat sat sat sat sat sat sat sat sat sat sat sat sat sat sat sat sat sat sat sat sat sat sat sat sat sat sat sat sat sat sat sat sat sat sat sat sat sat sat sat sat sat sat sat sat sat sat sat sat sat sat sat sat sat sat sat sat sat sat sat sat sat sat sat sat sat sat sat sat sat sat sat sat sat sat sat sat sat sat sat sat sat sat sat sat sat sat sat sat sat sat sat sat sat sat sat sat sat sat sat sat sat sat sat sat sat sat sat sat sat sat sat sat sat sat sat sat sat sat sat sat sat sat sat sat sat sat sat sat sat sat sat sat sat sat sat sat sat sat sat sat sat sat sat sat sat sat sat sat sat sat sat sat sat sat sat sat sat sat sat sat sat sat sat sat sat sat sat sat sat sat sat sat sat sat sat sat sat sat sat sat sat sat sat sat sat sat sat sat sat sat sat sat sat sat sat sat sat sat sat sat sat sat sat sat sat sat sat sat sat sat sat sat sat sat sat sat sat sat sat sat sat sat sat sat sat sat sat sat sat sat sat sat sat sat sat sat sat sat sat sat sat sat sat sat sat sat sat sat sat sat sat sat sat sat sat sat sat sat sat sat sat sat sat sat sat sat sat sat sat sat sat sat sat sat sat sat sat sat sat sat sat sat sat sat sat sat sat sat sat sat sat sat sat sat sat sat sat sat sat sat sat sat sat sat sat sat sat sat sat sat sat sat sat sat sat sat sat sat sat sat sat sat sat sat sat sat sat sat sat sat sat sat sat sat sat sat sat sat sat sat sat sat sat sat sat sat sat sat sat sat sat sat sat sat sat sat sat sat sat sat sat sat sat sat sat sat sat sat sat sat sat sat sat sat sat sat sat sat sat sat sat sat sat sat sat sat sat sat sat sat sat sat sat sat sat sat sat sat sat sat sat sat sat sat sat sat sat sat sat sat sat sat sat sat sat sat sat sat sat sat sat sat sat sat sat sat sat sat sat sat sat sat sat sat sat sat sat sat sat sat sat sat sat sat sat sat sat sat sat sat sat sat sat sat sat sat sat sat sat sat sat sat sat sat sat sat sat sat sat sat sat sat sat sat sat sat sat sat sat sat sat sat sat sat sat sat sat sat sat sat sat sat sat sat sat sat sat sat sat sat sat sat sat sat sat sat sat sat sat sat sat sat sat sat sat sat sat sat sat sat sat sat sat sat sat sat sat sat sat sat sat sat sat sat sat sat sat sat sat sat sat sat sat sat sat sat sat sat sat sat sat sat sat sat sat sat sat sat sat sat sat sat sat sat sat sat sat sat sat sat sat sat sat sat sat sat sat sat sat sat sat sat sat sat sat sat sat sat sat sat sat sat sat sat sat sat sat sat sat sat sat sat sat sat sat sat sat sat sat sat sat sat sat sat sat sat sat sat sat sat sat sat sat sat sat sat sat sat sat sat sat sat sat sat sat sat sat sat sat sat sat sat sat sat sat sat sat sat sat sat sat sat sat sat sat sat sat sat sat sat sat sat sat sat sat sat sat sat sat sat sat sat sat sat sat sat sat sat sat sat sat sat sat sat sat sat sat sat sat sat sat sat sat sat sat sat sat sat sat sat sat sat sat sat sat sat sat sat sat sat sat sat sat sat sat sat sat sat sat sat sat sat sat sat sat sat sat sat sat sat sat sat sat sat sat sat sat sat sat sat sat sat sat sat sat sat sat sat sat sat sat sat sat sat sat sat sat sat sat sat sat sat sat sat sat sat sat sat sat sat sat sat sat sat sat sat sat sat sat sat sat sat sat sat sat sat sat sat sat sat sat sat sat sat sat sat sat sat sat sat sat sat sat sat sat sat sat sat sat sat sat sat sat sat sat sat sat sat sat sat sat sat sat sat sat sat sat sat sat sat sat sat sat sat sat sat sat sat sat sat sat sat sat sat sat sat sat sat sat sat sat sat sat sat sat sat sat sat sat sat sat sat sat sat sat sat sat sat sat sat sat sat sat sat sat sat sat sat sat sat sat sat sat sat sat sat sat sat sat sat sat sat sat sat sat sat sat sat sat sat sat sat sat sat sat sat sat sat sat sat sat sat sat sat sat sat sat sat sat sat sat sat sat sat sat sat sat sat sat sat sat sat sat sat sat sat sat sat sat sat sat sat sat sat sat sat sat sat sat sat sat sat sat sat sat sat sat sat sat sat sat sat sat sat sat sat sat sat sat sat sat sat sat sat sat sat sat sat sat sat sat sat sat sat sat sat sat sat sat sat sat sat sat sat sat sat sat sat sat sat sat sat sat sat sat sat sat sat sat sat sat sat sat sat sat sat sat sat sat sat sat sat sat sat sat sat sat sat sat sat sat sat sat sat sat sat sat sat sat sat sat sat sat sat sat sat sat sat sat sat sat sat sat sat sat sat sat sat sat sat sat sat sat sat sat sat sat sat sat sat sat sat sat sat sat sat sat sat sat sat sat sat sat sat sat sat sat sat sat sat sat sat sat sat sat sat sat sat sat sat sat sat sat sat sat sat sat sat sat sat sat sat sat sat sat sat sat sat sat sat sat sat sat sat sat sat sat sat sat sat sat sat sat sat sat sat sat sat sat sat sat sat sat sat sat sat sat sat sat sat sat sat sat sat sat sat sat sat sat sat sat sat sat sat sat sat sat sat sat sat sat sat sat sat sat sat sat sat sat sat sat sat sat sat sat sat sat sat sat sat sat sat sat sat sat sat sat sat sat sat sat sat sat sat sat sat sat sat sat sat sat sat sat sat sat sat sat sat sat sat sat sat sat sat sat sat sat sat sat sat sat sat sat sat sat sat sat sat sat sat sat sat sat sat sat sat sat sat sat sat sat sat sat sat sat sat sat sat sat sat sat sat sat sat sat sat sat sat sat sat sat sat sat sat sat sat sat sat sat sat sat sat sat sat sat sat sat sat sat sat sat sat sat sat sat sat sat sat sat sat sat sat sat sat sat sat sat sat sat sat sat sat sat sat sat sat sat sat sat sat sat sat sat sat sat sat sat sat sat sat sat sat sat sat sat sat sat sat sat sat sat sat sat sat sat sat sat sat sat sat sat sat sat sat sat sat sat sat sat sat sat sat sat sat sat sat sat sat sat sat sat sat sat sat sat sat sat sat sat sat sat sat sat sat sat sat sat sat sat sat sat sat sat sat sat sat sat sat sat sat sat sat sat sat sat sat sat sat sat sat sat sat sat sat sat sat sat sat sat sat sat sat sat sat sat sat sat sat sat sat sat sat sat sat sat sat sat sat sat sat sat sat sat sat sat sat sat sat sat sat sat sat sat sat sat sat sat sat sat sat sat sat sat sat sat sat sat sat sat sat sat sat sat sat sat sat sat sat sat sat sat sat sat sat sat sat sat sat sat sat sat sat sat sat sat sat sat sat sat sat sat sat sat sat sat sat sat sat sat sat sat sat sat sat sat sat sat sat sat sat sat sat sat sat sat sat sat sat sat sat sat sat sat sat sat sat sat sat sat sat sat sat sat sat sat sat sat sat sat sat sat sat sat sat sat sat sat sat sat sat sat sat sat sat sat sat sat sat sat sat sat sat sat sat sat sat sat sat sat sat sat sat sat sat sat sat sat sat sat sat sat sat sat sat sat sat sat sat sat sat sat sat sat sat sat sat sat sat sat sat sat sat sat sat sat sat sat sat sat sat sat sat sat sat sat sat sat sat sat sat sat sat sat sat sat sat sat sat sat sat sat sat sat sat sat sat sat sat sat sat sat sat sat sat sat sat sat sat sat sat sat sat sat sat sat sat sat sat sat sat sat sat sat sat sat sat sat sat sat sat sat sat sat sat sat sat sat sat sat sat sat sat sat sat sat sat sat sat sat sat sat sat sat sat sat sat sat sat sat sat sat sat sat sat sat sat sat sat sat sat sat sat sat sat sat sat sat sat sat sat sat sat sat sat sat sat sat sat sat sat sat sat sat sat sat sat sat sat sat sat sat sat sat sat sat sat sat sat sat sat sat sat sat sat sat sat sat sat sat sat sat sat sat sat sat sat sat sat sat sat sat sat sat sat sat sat sat sat sat sat sat sat sat sat sat sat sat sat sat sat sat sat sat sat sat sat sat sat sat sat sat sat sat sat sat sat sat sat sat sat sat sat sat sat sat sat sat sat sat sat sat sat sat sat sat sat sat sat sat sat sat sat sat sat sat sat sat sat sat sat sat sat sat sat sat sat sat sat sat sat sat sat sat sat sat sat sat sat sat sat sat sat sat sat sat sat sat sat sat sat sat sat sat sat sat sat sat sat sat sat sat sat sat sat sat sat sat sat sat sat sat sat sat sat sat sat sat sat sat sat sat sat sat sat sat sat sat sat sat sat sat sat sat sat sat sat sat sat sat sat sat sat sat sat sat sat sat sat sat sat sat sat sat sat sat sat sat sat sat sat sat sat sat sat sat sat sat sat sat sat sat sat sat sat sat sat sat sat sat sat sat sat sat sat sat sat sat sat sat sat sat sat sat sat sat sat sat sat sat sat sat sat sat sat sat sat sat sat sat sat sat sat sat sat sat sat sat sat sat sat sat sat sat sat sat sat sat sat sat sat sat sat sat sat sat sat sat sat sat sat sat sat sat sat sat sat sat sat sat sat sat sat sat sat sat sat sat sat sat sat sat sat sat sat sat sat sat sat sat sat sat sat sat sat sat sat sat sat sat sat sat sat sat sat sat sat sat sat sat sat sat sat sat sat sat sat sat sat sat sat sat sat sat sat sat sat sat sat sat sat sat sat sat sat sat sat sat sat sat sat sat sat sat sat sat sat sat sat sat sat sat sat sat sat sat sat sat sat sat sat sat sat sat sat sat sat sat sat sat sat sat sat sat sat sat sat sat sat sat sat sat sat sat sat sat sat sat sat sat sat sat sat sat sat sat sat sat sat sat sat sat sat sat sat sat sat sat sat sat sat sat sat sat unsat sat sat sat sat
